สถานการณ์,วิเคราะห์,เหตุผล,หมวด,ชื่อกลยุทธ์
ลิบองแกล้งอวดป่วย เพื่อหลอกให้ซุนกวนส่งลกซุนเข้าดูแลกองทัพ และยึดเมืองเกงจิ๋วโดยไม่ให้กวนอูระวัง,ศัตรูเชื่อว่าลิบองอ่อนแอและไม่คาดว่าจะโจมตี ทำให้ลดความระมัดระวัง,ต้องการให้ศัตรูลดความระมัดระวังและเปิดช่องให้โจมตีได้ทันที,ชนะศึก,ปิดฟ้าข้ามทะเล
ซิยิ่นกุ้ยในยุคถัง หลอกฮ่องเต้ว่าเมาเรือ โดยสร้างภาพว่ากำลังพักผ่อนในสวนกับบ้านเศรษฐี เพื่อซุ่มเตรียมยกกองเรือลงแม่น้ำโจมตี,ฮ่องเต้และขุนนางประเมินว่าการล่องเรือเป็นกิจกรรมสันทนาการ จึงไม่ตั้งรับการเคลื่อนทัพทางน้ำ,ปิดบังเจตนาที่แท้จริงโดยตั้งใจเบี่ยงเบนความสนใจ สูญเสียวินาทีกำลังและเตรียมการอย่างลับ ๆ,ชนะศึก,ปิดฟ้าข้ามทะเล
ผู้บริหารในองค์กรแสร้งทำเป็นเปิดรับคำวิจารณ์จากทีม แต่แอบประเมินจุดอ่อนและรอจังหวะประกาศนโยบายสำคัญ,ทีมงานรู้สึกว่ามีเสรีภาพพูดคุย จึงไม่ระวังนโยบายใหม่ที่ซ่อนอยู่,ทำให้ทีมไม่ตั้งรับกับการเปลี่ยนแปลงกะทันหัน ทำให้นโยบายใหม่ผ่านได้ง่ายและรวดเร็ว,ชนะศึก,ปิดฟ้าข้ามทะเล
ในเกมการเมืองออนไลน์ กลุ่มผู้เล่นสร้าง “กองเชียร์ปลอม” ให้ฝ่ายตรงข้ามประเมินว่ามั่นคง แพลนจับมือพันธมิตร แล้วจึงเปิดแคมเปญรณรงค์จริง,ฝ่ายตรงข้ามรู้สึกว่าฐานเสียงมั่นคง จึงไม่เตรียมรับมือการโจมตีทางการเมืองที่แท้จริง,ปลอมแปลงสภาพคล่องของกำลังสนับสนุนเพื่อให้ศัตรูประมาท แล้วจึงเคลื่อนยุทธศาสตร์จริงเมื่อจังหวะเหมาะสม,ชนะศึก,ปิดฟ้าข้ามทะเล
แผนการทูต: ปล่อยข่าวปลอมว่ากำลังขยายฐานทัพทางเหนือ ทำให้อีกฝ่ายกระจายกำลังป้องกัน และใช้โอกาสข้ามชายแดนลงใต้ได้สำเร็จ,ฝ่ายตรงข้ามเชื่อข่าว การกระจายกำลังทำให้แนวป้องกันทางใต้บางลง,หลอกให้ศัตรูประเมินกำลังผิดพลาด เปิดช่องให้บุกเข้าพื้นที่เป้าหมายที่อ่อนแอ,ชนะศึก,ปิดฟ้าข้ามทะเล
รัฐเว่ยยกทัพล้อมนครจ้าว รัฐฉีไม่โจมตีเว่ยตรง ๆ แต่ส่งกองกำลังไปก่อกวนบริเวณนครหลวงเว่ย ให้เว่ยต้องถอนทัพจากจ้าวไปจัดการ,เว่ยถูกบีบให้แบ่งกำลังพลไปยังเป้าหมายรอง ทำให้แนวป้องกันเมืองจ้าวลดลง,บีบให้ศัตรูต้องกระจายกำลัง อ่อนกำลังหลักที่จุดสำคัญ เปิดโอกาสให้โจมตีเมืองจ้าวได้สำเร็จ,ชนะศึก,ล้อมเว่ยช่วยจ้าว
ซุนปินและเทียนจี้ยกกองทัพปล่อยข่าวว่ากำลังจะตีเมืองเล็กเพื่อเบี่ยงความสนใจจากศัตรู,ศัตรูย้ายกำลังไปป้องกันเมืองเล็ก ตามข้อมูลข่าว ทำให้จุดยุทธศาสตร์หลักอยู่ในสภาพอ่อนกำลัง,สร้างภาพบิดเบือนเพื่อกระจายกำลังศัตรู แล้วจึงโจมตีเป้าหมายหลักเมื่อกำลังลดลง,ชนะศึก,ล้อมเว่ยช่วยจ้าว
จูกัดเหลียงชักใยให้โจโฉยกทัพออกจากฐานหลัก ไปต่อต้านซุนกวน,ฐานที่มั่นของโจโฉถูกทิ้งให้ป้องกันบางตา ขณะที่กำลังไปปะทะกับศัตรูที่ถูกหลอก,ล่อศัตรูให้ย้ายกำลังออกจากจุดสำคัญ แล้วฉวยโอกาสเข้ายึดเมืองหรือจุดยุทธศาสตร์ที่ถูกละเลย,ชนะศึก,ล้อมเว่ยช่วยจ้าว
ฝ่ายบริหารในองค์กรปล่อยข่าวว่ามีปัญหาใหญ่ภายใน ทำให้ฝ่ายตรงข้ามต้องส่งทีมเข้ามาช่วยแก้ไขเฉพาะหน้า,ฝ่ายตรงข้ามกระจายทีมไปจัดการปัญหา ชั่วคราวทำให้กำลังหลักไม่พร้อมรับแผนหลัก,เบี่ยงเบนความสนใจและกระจายทรัพยากรฝ่ายตรงข้าม เพื่อเปิดช่องให้ดำเนินกลยุทธ์สำคัญได้โดยไม่ถูกต่อต้าน,ชนะศึก,ล้อมเว่ยช่วยจ้าว
บริษัทใหญ่ปล่อยข่าวการเปิดตัวสินค้าใหม่เพื่อเบี่ยงคู่แข่งให้เตรียมรับมือ,คู่แข่งต้องเร่งระดมทรัพยากรเพื่อตอบโต้อย่างเร่งด่วน จึงละเลยช่องว่างทางการตลาดด้านอื่น,สร้างภาพบิดเบือนตลาด ทำให้คู่แข่งกระจายกำลัง เสร็จแล้วจึงเปิดตัวสินค้าจริงในจังหวะที่เหมาะสมและได้รับความสนใจสูงสุด,ชนะศึก,ล้อมเว่ยช่วยจ้าว
จิวยี่หลอกให้โจโฉแก้แค้นสองแม่ทัพเรือ ซัวมอและเตียวอุ๋น โดยใช้เจียวก้านอ่านจดหมายลับ,เจียวก้านถูกใช้เป็นเครื่องมือส่งจดหมายปลอมให้โจโฉ คิดว่าเป็นข้อมูลลับ จึงสังหารแม่ทัพทั้งสองแทนเรา,ใช้ศัตรูเป็นผู้ลงมือฆ่า ลดการสูญเสียทรัพยากรและกำลังพลของตนเองตามหลักการของกลยุทธ์,ชนะศึก,ยืมดาบฆ่าคน
โจโฉส่งยีเอ๋งไปเป็นทูตเจรจากับเล่าเปียวที่เกงจิ๋ว เพื่อให้เล่าเปียวส่งมือดีไปกำจัด,ยีเอ๋งถูกใช้เป็นสารกลางชักชวนให้เล่าเปียวส่งกองกำลังหรือมือสังหารเข้าจัดการแทนเรา,พึ่งพาคนกลางให้เป็นผู้กำจัดศัตรู ช่วยรักษาพละกำลังและกำลังพลของตนเอง,ชนะศึก,ยืมดาบฆ่าคน
ยุคสงครามชุนชิว – ใช้ความขัดแย้งของรัฐอื่นให้โจมตีกันเอง โดยเราไม่ต้องลงมือ,กระตุ้นให้เจ้ารัฐที่สามมองรัฐศัตรูเป็นภัย จนยกทัพเข้าโจมตีซึ่งกันและกัน,ให้ศัตรูกำจัดกันเอง ลดความเสี่ยงและต้นทุนในการส่งกองกำลังของตนเองเข้าไปสังหาร,ชนะศึก,ยืมดาบฆ่าคน
บริษัทหนึ่งปล่อยข่าวเบี่ยง จนคู่แข่งใช้ทรัพยากรไปตอบโต้เรื่องนั้น แล้วเราเอาจุดแข็งจริงโจมตี,คู่แข่งประเมินสถานการณ์ผิด ลงแรงและงบประมาณไปแก้ไขประเด็นที่เราสร้างขึ้น,สร้างเงื่อนไขให้คู่แข่งทำงานหนักกับเรื่องไร้สาระ และใช้ทรัพยากรเหลือโจมตีในจุดอ่อนจริงของเขา,ชนะศึก,ยืมดาบฆ่าคน
ทีมในองค์กรสร้างความขัดแย้งให้ฝ่ายตรงข้ามโต้ตอบกันเอง ทำให้เขาอ่อนแรง แล้วเราจึงเริ่มแผนสำคัญ,ฝ่ายตรงข้ามถูกดึงไปแก้ปัญหาความขัดแย้งภายในจนกำลังและโฟกัสลดลง,ใช้ศัตรูภายนอกหรือคู่แข่งภายในเป็นเครื่องมือให้ทำลายซึ่งกันและกัน ก่อนที่เราจะส่งทรัพยากรหลักเข้าโจมตี,ชนะศึก,ยืมดาบฆ่าคน
หลังจากฝ่ายตรงข้ามเพิ่งยกทัพตีเมืองสำคัญจนเสบียงหมดสิ้น ซุนกวนนำกำลังเข้าปิดล้อมทันที,ศัตรูเพิ่งใช้กำลังมาก กำลังพลและขวัญกำลังใจอ่อนล้า พร้อมจะยอมแพ้ง่ายกว่าปกติ,ฉวยโอกาสที่ศัตรูอ่อนแรงที่สุด บุกเร็วก่อนที่เขาจะฟื้นตัว เพื่อให้ได้ชัยชนะอย่างรวดเร็ว,ชนะศึก,ชิงซ้ำตามไฟ
บริษัท A ประกาศเลื่อนแผนเปิดตัวสินค้าใหม่เพราะปัญหาการผลิต จึงเปิดตัวสินค้าของตนเองในช่วงเดียวกัน,คู่แข่งกำลังเสียภาพลักษณ์และเสียเวลาจัดการปัญหา พลาดโอกาสควบคุมตลาดในช่วงนั้น,ใช้ความสับสนของคู่แข่งเป็นโอกาสเข้าตลาดก่อน สร้าง “จังหวะทอง” ในการชิงส่วนแบ่งและความสนใจจากลูกค้า,ชนะศึก,ชิงซ้ำตามไฟ
พรรคการเมืองหนึ่งเกิดข่าวฉาวรั่วออกมา จึงเร่งเปิดตัวนโยบายประชานิยมใหม่ทันที,คู่แข่งกำลังแก้ข่าวและเสียเวลารับมือกับเรื่องฉาว ทำให้ไม่มีโอกาสตอบโต้เชิงนโยบาย,ถ่วงเวลาให้ฝ่ายตรงข้ามจมอยู่กับวิกฤต แล้วฉกฉวยความนิยมจากนโยบายใหม่ในช่วงที่คู่แข่งยังตั้งตัวไม่ทัน,ชนะศึก,ชิงซ้ำตามไฟ
ในเกมออนไลน์ ฝ่ายตรงข้ามเพิ่งสูญเสียเมืองสำคัญจากการซุ่มโจมตี ทีมเราส่งกองกำลังสำรองเข้ายึดฐานทัพทันที,ศัตรูเพิ่งเสียจุดยุทธศาสตร์และกำลังถดถอย ไม่มีเวลาสร้างป้อมปราการใหม่,สวนกลับทันทีที่คู่แข่งอ่อนแอสุด สร้างจุดแข็งและกดดันให้เขาไม่มีโอกาสเรียกกำลังกลับมา,ชนะศึก,ชิงซ้ำตามไฟ
แผนกหนึ่งในองค์กรเพิ่งประสบปัญหาโครงการล่าช้า ฝ่ายบริหารโยกทรัพยากรมาแก้ไข จึงเปิดตัวโครงการคู่ขนานโดยใช้ทีมอื่นที่พร้อมทันที,คู่แข่งภายในองค์กร (แผนกเดิม) ถูกดึงกำลังไปแก้ปัญหา ทำให้ไม่มีทรัพยากรรองรับโปรเจกต์ใหม่,ใช้ช่องว่างในองค์กรที่เกิดจากการเคลียร์ปัญหา เปิดตัวโปรเจกต์ตรงจังหวะที่แผนกเดิมอ่อนแรง เพื่อก้าวขึ้นเป็นผู้นำในสายงานนั้น,ชนะศึก,ชิงซ้ำตามไฟ
ขงเบ้งหลอกว่าเอียเจียวป่วยหนัก จนฝ่ายจ๊กก๊กยกกำลังสำรองมาดูแลด่านต้นจ๋อง ขงเบ้งจึงยกทัพผ่านทางอ้อม ปลอมลอบจุดเพลิง แล้วตีด่านจากฝั่งตรงข้ามที่ฝ่ายป้องกันไม่ระวังตัว,ฝ่ายป้องกันถูกเบี่ยงให้เฝ้าด่านต้นจ๋องตามปกติ แต่ไม่คาดคิดว่าจะถูกตีจากอีกฝั่งที่ลัดทางมาอย่างลับ ๆ,สร้างเหตุลวงให้ศัตรูคาดทิศผิด แล้วบุกโจมตีจากจุดที่เขาไม่ได้เตรียมรับมือ จึงได้เปรียบและอัปยศศักดิ์ฝ่ายตรงข้ามอย่างสิ้นเชิง,ชนะศึก,ส่งเสียงบูรพาตีประจิม
บริษัท A ประกาศแผนจะลงทุนสร้างโรงงานในภาคตะวันออกเพื่อดึงดูดนักลงทุน แต่แท้จริงแล้วนำสินค้าใหม่บุกตลาดภาคตะวันตกทันที,คู่แข่งทุ่มทรัพยากรและวางแผนขยายในภาคตะวันออกตามข่าว แต่ไม่ทันตั้งตัวเมื่อเราออกสินค้าในภาคตะวันตกที่เตรียมพร้อมไว้ล่วงหน้า,หลอกให้คู่แข่งคาดโฟกัสผิดพื้นที่ จากนั้นบุกตลาดจริงในจุดที่เขาไม่ตั้งรับ จึงสามารถยึดส่วนแบ่งตลาดได้รวดเร็วและประสบความสำเร็จ,ชนะศึก,ส่งเสียงบูรพาตีประจิม
พรรคการเมืองหนึ่งส่งสัญญาณว่าจะลงพื้นที่หาเสียงในภาคเหนือ แต่จริง ๆ ปิ๊งแผนบุกพื้นที่ใต้ที่คู่แข่งมักละเลย,คู่แข่งปรับกลยุทธ์รับมือภาคเหนือ เตรียมทีมและงบประมาณมุ่งบริหารจัดการพื้นที่นั้น จึงทิ้งช่องว่างให้เราเคลื่อนพลรณรงค์ในพื้นที่ใต้ได้โดยง่าย,เบี่ยงความสนใจของฝ่ายตรงข้ามไปยังเป้าหมายรอง แล้วบุกโจมตีเชิงนโยบายในเป้าหมายหลักที่พวกเขาไม่ทันระวัง,ชนะศึก,ส่งเสียงบูรพาตีประจิม
ในเกมออนไลน์ ทีมปล่อยข่าวว่าจะตีฐานฝั่งตะวันตกเพื่อเป็นการเบี่ยง แล้วส่งกำลังบุกฐานฝั่งตะวันออกผ่านทางลับ,ศัตรูส่งกำลังหลักไปตั้งรับฐานตะวันตกตามข่าวลวง ทำให้ฐานตะวันออกซึ่งเป็นจุดยุทธศาสตร์สำคัญถูกป้องกันบางตา,สร้าง decoy ให้ศัตรูประเมินผิดตำแหน่ง จากนั้นโจมตีจากทิศที่เขาไม่เตรียมรับ ทำให้ล้มเหลวในการป้องกันและพ่ายแพ้,ชนะศึก,ส่งเสียงบูรพาตีประจิม
แผนกหนึ่งในองค์กรประกาศว่าจะปรับปรุงระบบไอทีภาคตะวันออกก่อน แต่จริง ๆ แอบจัดสรรงบไปปรับระบบภาคตะวันตก ซึ่งลูกค้าใช้มากกว่า,ฝ่ายอื่นในองค์กรกระจายทีมและทรัพยากรไปเตรียมปรับปรุงโครงการภาคตะวันออกตามประกาศ ทำให้ภาคตะวันตกได้รับการละเลยและขาดการอัปเดตระบบ,หลอกให้ฝ่ายภายในโฟกัสที่เป้าหมายรอง แล้วเราลงทุนในเป้าหมายหลักเมื่อฝ่ายตรงข้ามไม่ทันตั้งตัว จึงเพิ่มประสิทธิภาพและความพึงพอใจลูกค้าได้สูงกว่า,ชนะศึก,ส่งเสียงบูรพาตีประจิม
ทีมพัฒนาซอฟต์แวร์ของเราเก็บฟีเจอร์ใหม่ไว้เบื้องหลัง ปล่อยให้คู่แข่งออกเวอร์ชันทดลองก่อน,คู่แข่งจะรีบเก็บ Feedback มาอัปเดตเอง แต่ระหว่างนั้นทีมเราปรับปรุงฟีเจอร์จนพร้อมสมบูรณ์,เมื่อถึงเวลาปล่อยเวอร์ชันจริง จะเหนือชั้นกว่าและดึงผู้ใช้กลับมาอย่างรวดเร็ว,ชนะศึก,รอซ้ำยามเปลี้ย
ฝ่ายการตลาดประกาศแคมเปญลดราคาเล็กน้อย แล้วหยุดพักให้คู่แข่งเห็นว่าเราหมดกิจกรรม,คู่แข่งจะรีบเปิดโปรโมชันแรงเพื่อช่วงชิงตลาด,เมื่อฝ่ายคู่แข่งใช้งบประมาณจนใกล้หมด เราจะปล่อยโค้ดส่วนลดใหญ่ในช่วงไพรม์ไทม์ ทำลายแผนการแข่งขัน,ชนะศึก,รอซ้ำยามเปลี้ย
หน่วยงานโฆษณาแสดงผลงานแค่ตัวอย่างเบื้องต้น ไม่เผยแนวคิดหลักเต็มที่,คู่แข่งจะพัฒนาชิ้นงานต่อเองจนเสร็จ แต่ต้นทุนและเวลาสูง,เมื่อคู่แข่งเหนื่อยท้อ บริษัทเราจะปล่อยผลงานจริงที่รวดเร็วและมีคุณภาพ ทิ้งระยะไม่ให้เขาทันแก้เกม,ชนะศึก,รอซ้ำยามเปลี้ย
ทีมขายแผนกหนึ่งหยุดรุกตลาดชั่วคราว ปล่อยให้คู่แข่งแผนกอื่นบุกเข้าตลาดพื้นที่เดียวกัน,คู่แข่งจะกระจายทรัพยากรไปให้แผนกอื่น จนรับภาระงานหนัก,เมื่อแผนกเรากลับมาเปิดตัวโปรโมชั่นเฉพาะกลุ่ม จะเก็บกำไรได้เต็มที่ในช่วงที่คู่แข่งอ่อนกำลัง,ชนะศึก,รอซ้ำยามเปลี้ย
ศูนย์บริการลูกค้าแจ้งเลื่อนเปิดตัวฟังก์ชันใหม่ ทำให้คู่แข่งคาดว่าเราไม่มีแผนต่อ,คู่แข่งจะเร่งเปิดฟีเจอร์คล้ายกัน แต่ปรับได้ไม่สมบูรณ์,ทันทีกลับมาเปิดฟังก์ชันหลักพร้อมประสิทธิภาพสูงกว่า ยึดความเชื่อมั่นลูกค้าอย่างรวดเร็ว,ชนะศึก,รอซ้ำยามเปลี้ย
ตันฮอกสั่งกวนอูนำทหารพันนายลอบตีห้วนเสีย ขณะที่โจหยินนำกำลังหลักสองหมื่นห้าพันนายพุ่งไปชนเอี๋ยตามที่คาด,โจหยินโฟกัสสู้กับเล่าปี่ที่ชนเอี๋ย จึงละเลยห้วนเสียซึ่งทหารเฝ้ายังน้อยและไม่ตั้งรับเต็มที่,บุกตีจุดสำคัญทางหลังที่ศัตรูไม่ระวัง เพื่อแย่งชิงเมืองโดยไม่ต้องปะทะกับกำลังหลัก,เผชิญศึก,ลอบตีเฉินชาง
บริษัท A ประกาศแผนจะเข้าซื้อกิจการบริษัท B ในต่างประเทศอย่างเปิดเผย แต่แท้จริงแล้วส่งทีมบุกเจรจาซื้อหุ้นใหญ่ในบริษัท C ที่คู่แข่งมองข้าม,คู่แข่งจับตาดีล B กันหมด จึงไม่ได้ติดตามความเคลื่อนไหวของ C ซึ่งนับเป็นโอกาสให้ซื้อในราคาดีและควบคุมตลาดใหม่ได้ง่าย,สร้างทางลวงให้ศัตรูมุ่งเป้าหนึ่ง แล้วลอบบุกเป้าหมายที่แท้จริงซึ่งเขาไม่ทันตั้งตัว,เผชิญศึก,ลอบตีเฉินชาง
พรรคการเมือง X ส่งสัญญาณว่าจะแก้ปัญหาภาคใต้ให้เสร็จสิ้นก่อน แต่ลับหลังเตรียมทีมเคลื่อนพลลงพื้นที่ภาคเหนือทันทีเมื่อคู่แข่งทุ่มกำลังไปใต้,คู่แข่งจัดสรรทีมและงบประมาณไปดูแลภาคใต้ตามที่คาดการณ์ จึงเปิดช่องว่างภาคเหนือให้เราสามารถรณรงค์และสร้างฐานเสียงใหม่ได้ง่าย,หลอกให้ฝ่ายตรงข้ามประเมินผิดพื้นที่ แล้วบุกยุทธศาสตร์ทางการเมืองในพื้นที่ที่เขาไม่ตั้งรับ,เผชิญศึก,ลอบตีเฉินชาง
ในเกมออนไลน์ ทีม A ออกข่าวว่าจะตีฐานกลาง แต่ส่งกองกำลังลับออกทางหลังบ้านตีฐานปีกขวา ทำให้ฐานหลักของฝ่าย B ถูกยึดโดยไม่ตั้งตัว,ฝ่าย B รวมกำลังรับมือฐานกลางตามข่าวลวง จึงไม่ได้จัดกำลังหรือกับดักป้องกันฐานปีกขวาที่ถูกตีจากด้านหลัง,สร้าง decoy ให้ศัตรูสับสน แล้วลอบเข้าทำลายจุดยุทธศาสตร์ที่แทบไม่มีการเตรียมรับมือ,เผชิญศึก,ลอบตีเฉินชาง
ฝ่ายบริหารในองค์กรประกาศประชุมสำคัญเรื่องโครงการ A ในสาขาเหนือ แต่กลับลอบส่งทีมไอทีลงพื้นที่สาขาใต้เพื่ออัปเกรดระบบก่อน เมื่อคู่แข่งภายในยังไม่ทันตั้งตัว,คู่แข่งภายในกระจายทรัพยากรและบุคลากรไปเตรียมอัปเดตโครงการ A ตามประกาศ ทำให้สาขาใต้ซึ่งใช้งานสูงสุดถูกละเลยและระบบชำรุด,หลอกให้โฟกัสงานสาขาหนึ่ง แล้วลอบลงมือในสาขาที่สำคัญกว่า เมื่อฝ่ายตรงข้ามไม่ทันตั้งรับ จึงเพิ่มประสิทธิภาพการให้บริการได้เหนือกว่า,เผชิญศึก,ลอบตีเฉินชาง
กองทัพเมืองผู้อาวุโสแบ่งเป็นสองฝ่ายระหว่างผู้บัญชาการรุ่นเก่าและผู้บัญชาการรุ่นใหม่ แย่งชิงอำนาจภายในกองทัพ,เห็นว่าความขัดแย้งภายในทำให้กำลังพลลังเล ไม่แน่ใจว่าจะเชื่อใคร ส่งผลให้การฝึกซ้อมและวางแผนรบอ่อนแอ,รอให้ฝ่ายต่าง ๆ ต่อสู้กันเองจนอ่อนกำลัง แล้วจึงส่งกองกำลังเข้าตีแบบฉับพลัน ใช้จังหวะที่ศัตรูสับสนมาเป็นประโยชน์,เผชิญศึก,ดูไฟชายฝั่ง
ในบริษัทคู่แข่ง มีฝ่ายพนักงานออฟไลน์และฝ่ายพนักงานรีโมตทะเลาะเรื่องนโยบายการทำงานระยะไกล,พบว่าฝ่ายหนึ่งโจมตีฝ่ายหนึ่งเรื่องประสิทธิภาพการทำงาน สร้างความไม่พอใจและลดขวัญกำลังใจในการทำงาน รวมถึงประสิทธิผลลดลง,รอให้ทั้งสองฝ่ายย่อมแพ้พลัง จึงปล่อยผลิตภัณฑ์ใหม่เข้าสู่ตลาด พร้อมโปรโมชันแรง ๆ เพื่อชิงส่วนแบ่งในช่วงที่คู่แข่งกำลังถกเถียงกันเอง,เผชิญศึก,ดูไฟชายฝั่ง
ในพรรคการเมืองแห่งหนึ่ง มีแกนนำสองกลุ่มขัดแย้งเรื่องนโยบายเศรษฐกิจ จนสมาชิกภายในเริ่มแบ่งขั้วและเรียกร้องประชุมใหญ่วุ่นวาย,สมาชิกแต่ละฝ่ายลักไก่โฆษณาโจมตีคู่ต่อสู้ในสื่อสังคม ส่งผลให้ภาพลักษณ์พรรคเสียหายและการจัดทำแคมเปญเลือกตั้งไม่เป็นเอกภาพ,รอให้พรรคแตกแยกจนไม่สามารถหาเสียงได้ จากนั้นจึงจัดการแถลงข่าวเปิดตัวนโยบายใหม่ที่ตอบโจทย์ปัญหาประชาชน เพื่อดึงคะแนนเสียงไปยังตนเอง,เผชิญศึก,ดูไฟชายฝั่ง
ทีมฟุตบอล A มีดาวยิงกับกองกลางใจร้อนทะเลาะกันในห้องแต่งตัว จนโค้ชควบคุมทีมไม่ได้,ความสัมพันธ์เสียหายถึงขั้นย้ายที่นั่งซ้อม กลายเป็นสองก๊กในทีม ส่งผลให้เกมรับและเกมรุกไม่สมดุล และแพ้หลายแมตช์ติดต่อกัน,รอให้ทั้งสองคนหลุดฟอร์มและทีมขาดความเชื่อใจ ซึ่งจะเปิดช่องให้ทีม B ใช้แท็กติกรวบทีม A ขาดสมดุลโจมตีแล้วเอาชัยไปได้ง่ายขึ้น,เผชิญศึก,ดูไฟชายฝั่ง
เมืองชายแดน C เกิดการแย่งชิงบัลลังก์ระหว่างขุนนางสองกลุ่ม เมื่อทราบข่าว จอมทัพ D เลือกยืนอยู่ห่าง ๆ และสอดส่อง,สถานการณ์เต็มไปด้วยข่าวลือและ “ค่ายเงียบ” ของแต่ละฝั่ง กำลังพลตั้งตารอคำสั่ง แต่ขาดการประสานงานอย่างรวดเร็ว,รอให้ศึกระหว่างขุนนางปล่อยให้หมดแรง เมื่อทั้งสองฝ่ายอ่อนล้า จึงยกทัพเข้าสงครามเพื่อยึดเมืองได้ง่ายดาย ใช้ช่วงเวลาที่เขาเจ็บปวดภายในเป็นประโยชน์,เผชิญศึก,ดูไฟชายฝั่ง
ฝ่าย A ส่งทูตเจรจาสงบศึกกับฝ่าย B พร้อมมอบของกำนัล ยืนยันว่าปรารถนาสันติ แต่ในระหว่างเจรจาแอบส่งสายลับเข้าไปเก็บข้อมูลภายในค่ายศัตรู,ศัตรูรู้สึกอุ่นใจ ไม่นำกำลังเข้าตรวจสอบเข้มงวด เพราะเชื่อในความสุจริตของทูต ส่งผลให้เปิดช่องทางให้สายลับเคลื่อนไหว,รอให้ศัตรูประมาท เห็นว่าการเจรจาเป็นมิตรแล้วจึงแอบเก็บข้อมูลสำคัญ ก่อนจะใช้ข้อมูลนั้นวางแผนโจมตีฉับพลัน,เผชิญศึก,ซ่อนดาบบนรอยยิ้ม
นักลงทุนระดับสูงเชิญผู้บริหารคู่แข่งไปดื่มไวน์สุดหรูในงานเลี้ยงส่วนตัว พร้อมชมเชยผลงาน แต่แอบวางกล้องลับบันทึกการประชุมภายในบริษัทคู่แข่ง,ผู้บริหารคู่แข่งวางใจและเปิดเผยแผนธุรกิจใหม่อย่างเต็มที่ เห็นว่าผู้เชิญเป็นพันธมิตรที่จริงใจ จึงไม่ระวังข้อมูลสำคัญ,ใช้ความเป็นมิตรและคำชมลวงให้คู่แข่งคลายการระวัง ก่อนจะดักฟังข้อมูลเชิงลึก เพื่อนำไปใช้วางกลยุทธ์แข่งขัน,เผชิญศึก,ซ่อนดาบบนรอยยิ้ม
พรรค X ส่งผู้แทนเข้าเจรจาพันธมิตรกับพรรค Y อย่างเป็นมิตร ให้คำมั่นจะไม่แทรกแซงกิจการภายใน แต่แอบเตรียมแผนสกัดเสียงสนับสนุนในระดับท้องถิ่น,พรรค Y รู้สึกผ่อนคลาย ไม่ส่งทีมวิจัยไปตรวจสอบนโยบาย จึงเปิดเผยแผนขยายฐานเสียงและข้อมูลแผนการรณรงค์ในพื้นที่,ใช้นโยบาย “ไม่เป็นภัย” หลอกให้คู่เจรจาเปิดเผยข้อมูลสำคัญ จากนั้นจัดกิจกรรมดิสอินโฟเพื่อลดความนิยมของพรรค Y ในพื้นที่สำคัญ,เผชิญศึก,ซ่อนดาบบนรอยยิ้ม
ทีมบาสเก็ตบอล A เชิญโค้ชคู่แข่งมาแลกเปลี่ยนประสบการณ์ ฝึกซ้อมร่วมกันในเกมกระชับมิตร แต่แอบสังเกตแท็กติกการป้องกันและจังหวะการเข้าประกบ,โค้ชและผู้เล่นทีม B คิดว่าเป็นกิจกรรมมิตรภาพ จึงเปิดเผยแท็กติกและรูปแบบการซ้อมอย่างละเอียด ทำให้ทีม A ได้ข้อมูลเชิงลึก,ใช้บรรยากาศอบอุ่นและคำเชิญลวงให้คู่แข่งเปิดเผยจุดอ่อนของแผนป้องกัน เพื่อนำไปปรับใช้ในเกมแข่งขันจริง,เผชิญศึก,ซ่อนดาบบนรอยยิ้ม
บริษัทใหญ่เชิญผู้บริหารสตาร์ทอัพมาพบปะ “สนับสนุน” พร้อมมอบโอกาสทดลองผลิตภัณฑ์ แต่แอบจดสิทธิบัตรต้นแบบก่อน,ผู้ก่อตั้งสตาร์ทอัพเชื่อว่ามิตรเจ้าใหญ่จะช่วยผลักดัน จึงเปิดเผยเทคโนโลยีต้นแบบและแผนพัฒนาเต็มรูปแบบ,รอให้เกิดความไว้วางใจจากการแสดงเจตนาร่วมลงทุน แล้วจึงจดสิทธิบัตร ซ่อน “ดาบ” ทางกฎหมาย เพื่อปิดกั้นสตาร์ทอัพไม่ให้ใช้นวัตกรรมต่อไป,เผชิญศึก,ซ่อนดาบบนรอยยิ้ม
กองเรือหลักของราชอาณาจักรถูกโจมตีจนเสียหายหนัก เหลือเพียงกองเรือน้อยที่ล่องหนีได้,กองเรือเหลือน้อยหากเผชิญต่อไปจะถูกทำลายหมดสิ้น ยังดีกว่ายอมเสียกองเรือหลักเพื่อให้กองเรือน้อยล่องหนีไปแจ้งสหพันธมิตรเตรียมกำลังช่วยเหลือ,ยอมแลกกองเรือหลัก (“ตายแทน”) เพื่อกองเรือน้อยได้ชีวิตไปขอความช่วยเหลือ (“ถาว” คือชัยชนะในระยะยาว),เผชิญศึก,หลีตายแทนถาว
บริษัท A ปิดโรงงานผลิตบางส่วนที่ขาดทุนหนัก แต่ใช้กำไรจากส่วนอื่นมารักษาสภาพคล่องและลงทุนขยายตลาดใหม่,หากยังยื้อโรงงานที่ขาดทุนต่อไปจะสูญเงินมากขึ้น แต่การปิดโรงงานเล็กจะลดภาระค่าใช้จ่าย เปิดโอกาสเอาทุนไปสร้างผลิตภัณฑ์ใหม่ที่มีศักยภาพสูงกว่า,ยอมเสียส่วนที่ขาดทุน (“ตายแทน”) เพื่อให้ภาพรวมบริษัทแข็งแรงขึ้นและสามารถเจาะตลาดใหม่ (“ถาว” คือการเติบโตระยะยาว),เผชิญศึก,หลีตายแทนถาว
พรรคการเมืองหนึ่งจัดสรรงบหาเสียงให้พื้นที่ที่มีคะแนนเสียงสูงไว้ก่อน แม้พื้นที่ที่คะแนนน้อยจะบ่น แต่ช่วยให้ชนะเลือกตั้ง,การเทงบไปพื้นที่สำคัญจะทำให้คะแนนรวมมากพอ แม้จะแลกกับการเสียพื้นที่เล็กน้อยที่คะแนนน้อย แต่การชนะทั้งประเทศสำคัญกว่า,ยอมเสียพื้นที่จำนวนน้อย (“ตายแทน”) เพื่อเก็บคะแนนใหญ่ (“ถาว” คือชัยชนะภาพรวม),เผชิญศึก,หลีตายแทนถาว
ทีมฟุตบอล B ส่งตัวสำรองลงสนามในครึ่งแรก แม้จะแพ้ย่อยยับ แต่เก็บแรงตัวจริงไว้สำหรับครึ่งหลังและช่วงต่อเวลา,ครึ่งแรกตัวจริงอาจถูกบีบหนักจนหมดแรง แต่ด้วยการเสียสนามย่อยยับ จะทำให้ตัวจริงฟื้นพลัง ใช้พลิกเกมในครึ่งหลังอย่างสดใหม่,ยอมเสียครึ่งแรก (“ตายแทน”) เพื่อให้ตัวจริงมีแรงเต็มที่ในครึ่งหลัง และเก็บชัยชนะ (“ถาว” คือผลการแข่งขัน),เผชิญศึก,หลีตายแทนถาว
หน่วยข่าวกรองส่งสายลับระดับล่างเข้าไปสละตัวเป็นเบี้ยล่อ เพื่อให้ผู้บังคับบัญชาศัตรูเปิดเผยตำแหน่งที่มั่น,สายลับระดับล่างถูกจับและเสียข้อมูลเท่าที่จำเป็น แต่การได้ตำแหน่งที่มั่นสำคัญของศัตรูจะทำให้กองทัพหลักสามารถโจมตีได้ตรงจุดและรวดเร็ว,ยอมเสียสายลับระดับล่าง (“ตายแทน”) เพื่อให้ได้ข้อมูลสำคัญของศัตรู (“ถาว” คือชัยชนะในปฏิบัติการหลัก),เผชิญศึก,หลีตายแทนถาว
กองทัพฝ่าย A ปล่อยข่าวว่ามีแผนถอยทัพครั้งใหญ่ เพื่อให้ฝ่าย B ส่งกำลังติดตาม แล้วแอบปล้นเสบียงและอาวุธที่ฝั่งตรงข้ามทิ้งไว้เบื้องหน้า,ศัตรูเร่งส่งกำลังและรถม้าเข้ายึดแถวเสบียง แต่ลืมสำรวจความมั่นคงของพื้นที่ ทำให้เสียทรัพยากรจำนวนมากโดยไร้การป้องกัน,ดึงให้ศัตรูนำทรัพยากรมาไว้ข้างหน้าแล้วฉวยเอาไปใช้ เพื่อลดกำลังและเสบียงของศัตรู (“แพะ”) มาเป็นกำลังให้ตนเอง,เผชิญศึก,จูงแพะติดมือ
บริษัท X ประกาศซื้อหุ้นบริษัท Y จำนวนมากเพื่อสร้างภาพความเชื่อมั่น คู่แข่งจึงทยอยขายหุ้นออก ทีหลังบริษัท X กลับถือหุ้นเกินครึ่งในราคาถูก,คู่แข่งตกใจหุ้นจะถูกเข้าควบคุม จึงรีบเทขายหุ้นราคาตกต่ำโดยไม่ตรวจสอบเงื่อนไขสัญญาซื้อขาย ทำให้บริษัท X ได้ถือหุ้นหลักในราคาถูกกว่า,ยั่วให้ศัตรูตระหนกขายหุ้น (“แพะ”) ออกมา แล้วเก็บไว้ในมือของตนเอง เพื่อควบคุมบริษัทและตัดโอกาสคู่แข่ง,เผชิญศึก,จูงแพะติดมือ
พรรคการเมือง A เสนอสนับสนุนงบประชาสัมพันธ์ให้พรรค B เพื่อแลกกับการส่งตัวแทนร่วมรัฐบาล พรรค B จึงให้ข้อมูลกลยุทธ์หาเสียงทั้งหมด,พรรค B เชื่อว่ามิตรสนับสนุนจริง จึงเปิดเผยแผนประชาสัมพันธ์และฐานเสียง แต่เมื่อได้ข้อมูล พรรค A ก็เทงบและจังหวะหาเสียงออกทีหลัง โจมตีจุดอ่อนพรรค B อย่างจัง,ดึงให้ศัตรูเปิดเผยข้อมูลเชิงลึก (“แพะ”) มาใช้โจมตีกลับในเวลาที่เหมาะสม เพื่อเพิ่มความได้เปรียบในการเลือกตั้ง,เผชิญศึก,จูงแพะติดมือ
ทีมฟุตบอล A จัดทัวร์แข่งกระชับมิตรในถิ่นคู่แข่ง เพื่อแลกกับสิทธิ์ฝึกซ้อมในสนามจริง คู่แข่งเปิดเผยแผนแท็กติกให้หมด แล้วทีม A นำแท็กติกไปใช้ในเกมลีก,ทีม B คิดว่าการให้สิทธิ์เป็นมิตรภาพ ไม่ระวังเรื่องข้อมูลแท็กติกเลย ทำให้แผนการรับมือในเกมลีกโหลจนติดหลับตา,ใช้มิตรภาพหลอกให้ศัตรูมอบแผนการเล่น (“แพะ”) มา แล้วนำมาใช้พลิกคู่แข่งในเกมสำคัญ,เผชิญศึก,จูงแพะติดมือ
หน่วยข่าวกรองปล่อยสายข่าวว่าเตรียมยุติการสืบสวนคู่แข่ง เพื่อให้คู่แข่งกลับมาใช้ช่องทางสื่อสารเดิมๆ แต่กลับติดตั้งเครื่องดักฟังไว้ทั้งหมด,คู่แข่งสบายใจ จึงกลับมาใช้ช่องทางเดิมโดยไม่ระวังตัว ข้อมูลลับจึงไหลเข้าสู่หน่วยข่าวกรองฝ่ายตนอย่างเต็มที่,ล่อหลอกให้ศัตรูเชื่อใจในความสงบ (“แพะ”) แล้วดึงข้อมูลสำคัญมาดักฟัง เพื่อใช้เป็นเครื่องมือในปฏิบัติการต่อไป,เผชิญศึก,จูงแพะติดมือ
กองทัพ A สร้างค่ายจำลองด้วยหุ่นกองทหารและธงประดับเต็มสนาม ขณะที่ค่ายจริงซ่อนในป่า,ศัตรูเห็นค่ายกว้างใหญ่และกำลังพลหนาแน่น จึงประเมินว่าเป็นจุดสำคัญและเตรียมกำลังเข้าตี แต่จริงๆ กองทัพหลักตั้งอยู่ในป่าลับด้านหลัง,สร้างภาพลวง (“มี”) ให้ศัตรูเน้นโจมตีค่ายจำลอง ในขณะที่กองทัพจริง (“ไม่มี” ในที่ปรากฏ) ใช้โอกาสนั้นโจมตีแบบซ้อนจากด้านข้าง,เผชิญศึก,มีในไม่มี
บริษัท X ประกาศยุติการพัฒนาซอฟต์แวร์รุ่นปัจจุบันทางเว็บไซต์ แต่กลับซุ่มพัฒนารุ่นใหม่ที่ปรับปรุงประสิทธิภาพใหญ่หลวงในห้องแล็บลับ,คู่แข่งเชื่อข่าวและหยุดลงทุนใน R&D ของตนเองเพื่อรอดูตลาด จึงเสียโอกาสในการพัฒนา เมื่อบริษัท X เปิดตัวซอฟต์แวร์รุ่นใหม่จะกลายเป็นผู้ริเริ่มตลาด,ประกาศ “มี” การยุติพัฒนา จนศัตรูประเมินผิดว่าเทคโนโลยีเก่าตกรุ่นจริง แล้วค่อยเปิดตัวผลิตภัณฑ์ใหม่ (“ไม่มี” การหยุดพัฒนาในความเป็นจริง) เพื่อสร้างความได้เปรียบ,เผชิญศึก,มีในไม่มี
พรรค A แถลงว่าจะถอนตัวจากการร่วมรัฐบาลกลาง แต่จริงๆ ยังคงเสริมอำนาจผ่านกลุ่ม ส.ส. ฝากเสียงในสภาแบบมืด,ฝ่ายตรงข้ามลดความระวังในการสกัดเสียงก่อนอภิปราย เนื่องจากคิดว่าพรรค A ไม่ส่งเสียงสนับสนุนแล้ว พอถึงเวลาลงมติ พรรค A ก็โผล่เข้าร่วมกดคะแนนสวน,ประกาศ “มี” การถอนตัว ให้ศัตรูสบายใจคิดว่าไม่มีคะแนนสนับสนุน แล้วพลิกสถานการณ์โดยเข้าร่วมโหวต (“ไม่มี” การถอนตัวจริงๆ) เพื่อตัดเสียงคัดค้านและผ่านมติสำคัญ,เผชิญศึก,มีในไม่มี
ทีมฟุตบอล A ประกาศใช้แผนรับเต็มรูปแบบตลอดเกม ให้ข่าวกับสื่อว่าจะไม่ยิงประตูในครึ่งแรก เพื่อเตรียมพลิกเกมในครึ่งหลัง,ทีม B ตั้งรับลึกทั้งสนาม กดดันไม่ได้ฝั่ง A จึงไม่ระวังเกมรุกด่านบน พอครึ่งหลัง A พลิกมาใช้แท็กติกกดดันสูงและได้ประตูจากช่องว่างที่ B ไม่พร้อมรับมือ,สร้างภาพ “ไม่มี” ความก้าวรุกในครึ่งแรก ให้ศัตรูประมาท แล้วใช้แผน “มี” การโจมตีอย่างหนักในครึ่งหลัง เพื่อฉวยโอกาสที่ฝั่ง B ปรับระบบไม่ทัน,เผชิญศึก,มีในไม่มี
หน่วยข่าวกรองปล่อยข่าวว่าจะย้ายฐานปฏิบัติการไปยังเมือง D ให้ศัตรูทราบ แต่จริงๆ ยังคงปฏิบัติการที่ฐานเดิมพร้อมเสริมกำลัง,ศัตรูเตรียมกำลังพลไปรอซุ่มโจมตีที่เมือง D แต่พบเพียงความว่างเปล่า จึงถดถอยกลับช้า เปิดช่องให้หน่วยข่าวกรองตอบโต้และเข้าควบคุมฐานเดิมได้สำเร็จ,ปล่อยข่าว “มี” การย้ายฐาน เพื่อให้ศัตรู “ไม่มี” การสกัดกั้นฐานเดิมจริงๆ แล้วใช้โอกาสนั้นยึดฐานหลักคืนและริมเส้นทางล่าถอยของศัตรู,เผชิญศึก,มีในไม่มี
กองทัพฝ่าย A ส่งหน่วยลาดตระเวนไปกระพือธงและจุดไฟแสดงกำลังบริเวณชายป่า เพื่อให้ฝ่าย B เกิดความเคลื่อนไหว,ฝ่าย B เห็นธงไฟที่ชายป่า คิดว่ากองทัพ A กำลังจะบุกจากจุดนั้น จึงส่งกำลังพลและม้าออกลาดตระเวนและตั้งค่ายซ้อนรับ,ต้องการดูชั้นเชิงการตอบสนองของฝ่าย B ว่าจะจัดทัพอย่างไร เมื่อได้พิกัดและรูปแบบยามของศัตรู จึงเลือกเวลาที่เหมาะสมบุกจากมุมอื่น,เข้าตี,ตีหญ้าให้งูตื่น
ฝ่ายบริหารบริษัท X ส่งอีเมลประชาสัมพันธ์ให้ทีมคู่แข่งเข้าร่วมเวิร์กช็อปออนไลน์ฟรี เพื่อทดสอบซอฟต์แวร์ใหม่,คู่แข่งสนใจสมัครเข้าร่วม เวิร์กช็อปจึงมีการสาธิตฟีเจอร์และเปิด Q&A เปิดเผยจุดแข็ง-จุดอ่อนของระบบ,ต้องการสังเกตข้อสงสัยและคำถามของคู่แข่งเกี่ยวกับฟีเจอร์ จับสัญญาณจุดอ่อนในผลิตภัณฑ์ของเขา เพื่อนำไปปรับปรุงหรือโจมตีทางการตลาดต่อไป,เข้าตี,ตีหญ้าให้งูตื่น
พรรคการเมือง A ส่งแกนนำกระจายข่าวว่าเตรียมจัดเวทีอภิปรายสาธารณะที่เขตสำคัญ เพื่อดึงสมาชิกพรรค B มาเข้าร่วม,พรรค B เห็นว่าจะมีเวทีอภิปราย จึงส่งทีมยุทธศาสตร์และนักวิเคราะห์ไปสังเกตและเตรียมแผนตอบโต้,ต้องการจับสังเกตน้ำเสียงและวาทศิลป์ของผู้พูดฝ่าย B ว่ามีข้อโต้แย้งจุดไหนอ่อนแอ เพื่อนำมาคิดแผนปรับปรุงสาระและวางกลยุทธ์ตอบโต้ก่อนการเลือกตั้ง,เข้าตี,ตีหญ้าให้งูตื่น
ทีมฟุตบอล A ส่งสำรองลงไปวิ่งซ้อมหน้ากรอบเขตโทษของทีม B เป็นเวลาซ้ำ ๆ ในช่วงก่อนแข่ง เพื่อบังคับให้ทีม B ใช้วิธีรับมือใหม่,ทีม B เปลี่ยนแท็กติกการยืนตำแหน่งและเรียกโค้ชปรับเกมรับทันที ทำให้ทีม A เห็นโครงสร้างเกมรับจริงของคู่ต่อสู้,ต้องการดูว่าเมื่อถูกกดดันด้วยการซ้อมซ้ำ ๆ ทีม B จัดระบบรับอย่างไร จะเห็นช่องโหว่และตำแหน่งที่สามารถเจาะเข้าไปทำประตูได้ดีที่สุด,เข้าตี,ตีหญ้าให้งูตื่น
หน่วยข่าวกรองฝ่ายรัฐปล่อยข่าวลือว่ากำลังจะตรวจค้นองค์กร C เพื่อให้สมาชิกหลายคนแตกตื่นและเคลื่อนย้ายเอกสารลับออก,สมาชิกองค์กร C สับสนและย้ายเอกสารสำคัญไปยังที่ลับหลายแห่ง เกิดความสับสนภายในระบบ,ต้องการดูว่าเอกสารใดสำคัญที่สุด และช่องทางขนย้ายใดที่องค์กร C ใช้ จับสัญญาณเส้นทางและผู้เกี่ยวข้อง เพื่อนำไปสกัดกั้นหรือตรวจยึดในภายหลัง,เข้าตี,ตีหญ้าให้งูตื่น
หน่วยลาดตระเวนหลักถูกศัตรูล้อมจนแทบสูญสิ้น ขงเบ้งจึงสั่งให้หน่วยข่าวกรองปล่อยภาพการฝังศพนายทหารสำคัญพร้อมหุ่นจำลอง เพื่อหลอกสุมาอี้,สุมาอี้เห็น “ศพ” และหุ่นจำลอง คิดว่าขงเบ้งสิ้นชีวิตจริง จึงคลายการไล่ล่า กลับรวบรวมกำลังใหม่ช้ากว่าปกติ,ยืมหุ่นและภาพศพ (“ซาก”) มาหลอกให้ศัตรูลดความระวัง แล้วเมื่อศัตรูมั่นใจว่าไม่มีขงเบ้งแล้ว จึงค่อยส่งหน่วยหลักบุกสวนกลับ,เข้าตี,ยืมซากคืนชีพ
บริษัทสตาร์ทอัพประกาศเลิกโปรเจ็ค AI ชั่วคราว แต่บันทึกเวอร์ชันทดลองยังถูกเผยแพร่ในกลุ่มนักพัฒนา ให้คู่แข่งเชื่อว่าเลิกจริง,คู่แข่งไม่รีบพัฒนาฟีเจอร์เทียบเท่า จนสตาร์ทอัพสร้างอัลกอริธึมขั้นสูงสำเร็จ เสร็จทันก่อนที่จะเปิดตัวจริง,ประกาศ “ซากโครงการ” ให้คู่แข่งคลายการเฝ้าระวัง แล้วซุ่มเร่งพัฒนาจนสามารถเปิดตัวรุ่นสมบูรณ์และแย่งตลาด,เข้าตี,ยืมซากคืนชีพ
พรรคการเมืองหนึ่งประกาศว่าผู้นำหลักขอถอนตัวจากเวทีอภิปรายกลาง แต่ซองนโยบายยังคงเปิดเผยในเว็บไซต์ลับให้สื่อมวลชน,ฝ่ายตรงข้ามหยุดติดตามนโยบายและไม่เตรียมตอบโต้ จนผู้นำหลักโผล่ขึ้นเวทีและใช้โอกาสเปิดเผยนโยบายสำคัญพลิกเกมอภิปรายได้สำเร็จ,ใช้การถอนตัวเป็น “ซาก” หลอกให้ศัตรูหยุดจับตา แล้วจึงกลับมาแสดงตัวในจังหวะสำคัญเพื่อสร้างความได้เปรียบทางการเมือง,เข้าตี,ยืมซากคืนชีพ
ทีมฟุตบอล A ส่งตัวสำรองลงสนามกระชับมิตร พอจบเกมจึงซุ่มประกาศว่าตัวจริงบาดเจ็บหนัก ไม่พร้อมแข่งลีก แต่ในความจริงยังฟิตสมบูรณ์,คู่แข่งประเมินว่าสภาพทีม A อ่อนแอ จึงส่งแผนเกมรุกเต็มที่ในลีกแรก พอเจอตัวจริงของ A จึงถูกพลิกเกมรุกสวนกลับและเสียประตูยับเป็นต้น,เปลี่ยนตัวจริงให้เป็น “ซาก” ลวงให้คู่แข่งประมาท แล้วใช้ฟูลทีมซุ่มเข้าปะทะในแมตช์สำคัญเมื่อคู่แข่งไม่พร้อมรับมือ,เข้าตี,ยืมซากคืนชีพ
หน่วยข่าวกรองประกาศว่าผู้บัญชาการระดับสูงสละตำแหน่งเสียชีวิต แต่จดหมายลับและกล้องวงจรปิดยังเฝ้าติดตามการเคลื่อนไหวภายในค่าย,ศัตรูเชื่อข่าวผู้บัญชาการเสียชีวิต จึงเข้าตรวจยึดพื้นที่อย่างไม่ระวัง ข้อมูลสำคัญหลุดเข้ามือหน่วยข่าวกรอง,ใช้ข่าวผู้บัญชาการเป็น “ซาก” หลอกให้ศัตรูคลายการรักษาความปลอดภัย จากนั้นซุ่มเก็บข้อมูลเชิงลึกเพื่อให้กองกำลังหลักได้เปรียบในการบุกต่อไป,เข้าตี,ยืมซากคืนชีพ
ฝ่าย A สร้างเสียงระเบิดปลอมบริเวณหน้าป้อมหลัก เพื่อกระตุ้นให้ฝ่าย B ส่งกองกำลังเข้าตรวจสอบ,ฝ่าย B จะต้องรีบนำกำลังออกมาตรวจตราบริเวณป้อมหลัก ทำให้ส่วนป้องกันด้านหลังและปีกข้างอ่อนแอลง,ใช้ “เสียงระเบิด” ดึงให้ศัตรูเผลอเคลื่อนกำลังออกจากจุดมั่นคง เมื่อเกิดช่องว่างจึงนำกำลังส่วนจริงบุกเข้าจากทางด้านข้าง,เข้าตี,ล่อเสือออกจากถ้ำ
บริษัท X ปล่อยข่าวว่าจะเปิดสาขาใหญ่แห่งใหม่ในเมือง Y เพื่อดึงดูดคู่แข่งให้ลงทุนโครงการเสริมในพื้นที่เดียวกัน,คู่แข่งรีบขยายสาขาในเมือง Y ทั้งที่ยังไม่พร้อม จนกระทั่งต้องถอดใจกลางทางเพราะต้นทุนสูงเกินคาด,สร้างภาพ “สาขาใหญ่กำลังจะมา” ให้ศัตรูหัวหมุน ลงทุนซ้อนทางที่ไม่พร้อม แล้วค่อยบุกตลาดจริงในพื้นที่เดิมที่แข็งแรงกว่า,เข้าตี,ล่อเสือออกจากถ้ำ
พรรค A ประกาศจัดประชุมใหญ่ในกรุง Z เพื่อชี้แจงนโยบายสำคัญ แต่จริงๆ จัดเพียงงานออนไลน์เล็กๆ,พรรค B เห็นว่าประชุมใหญ่จะเป็นโอกาสหาเสียงสำคัญ จึงส่งทีมยุทธศาสตร์และงบประมาณมาเตรียมพร้อม แต่พอมาถึงกลับพบเพียงงานเล็ก,ดึงให้ศัตรูโยกทีมและงบประมาณออกจากเขตฐานเสียงหลัก เมื่อศัตรูกระจัดกระจายจึงโอบล้อมพื้นที่สำคัญเพื่อหาเสียงได้ง่ายขึ้น,เข้าตี,ล่อเสือออกจากถ้ำ
ทีมฟุตบอล A ตั้งแผนส่งมิดฟิลด์สำรองบุกขึ้นสูงเพื่อให้ทีม B เปิดเกมรุกเต็มที่ แล้วใช้ฟูลแบ็คสองคนบุกสวนกลับตรงกลางสนาม,ทีม B เห็นมิดฟิลด์สำรองบุกสูง จึงยกเกมรับขึ้นสูงเต็มสนาม พอเวลาที่ประตูเปิด ทีม A ก็ส่งแบ็คสวนกลับตรงกลางสนามจนได้ประตู,หลอกล่อให้ศัตรูขยับเกมรับขึ้นสูง (“ออกจากถ้ำ”) แล้วใช้ช่องว่างระหว่างแนวรับที่ถูกดันวางกับกองกลางบุกสวนกลับ,เข้าตี,ล่อเสือออกจากถ้ำ
หน่วยข่าวกรองส่งสายข่าวปล่อยว่ากำลังเตรียมถอนทหารจากบริเวณชายแดน เพื่อให้กองกำลังศัตรูยกพลข้ามเส้นเขตแดน,ศัตรูส่งพลเข้าฝ่าด่านชายแดนทันที แต่พบเพียงแนวลวดหนามและกำลังลาดตระเวนจำนวนน้อย ทำให้ถูกดักโจมตีและยับเยิน,ใช้ข่าว “ถอนทหาร” ดึงให้ศัตรูออกนอกเขตมั่นคง (“ออกจากถ้ำ”) แล้วซุ่มดักในจุดมืดเพื่อโจมตีอย่างได้เปรียบ,เข้าตี,ล่อเสือออกจากถ้ำ
กองทัพฝ่าย A จับนายพลฝ่าย B ได้ระหว่างการสู้รบ แต่ปล่อยให้กลับค่ายตัวปลอม เพื่อให้ฝ่าย B ส่งกำลังมาช่วยเหลือ,ฝ่าย B เชื่อว่าการปล่อยเป็นสัญญาณของความเมตตา จึงรวบรวมทหารสำรองมาเสริมกำลัง แต่เมื่อถึงเวลาปะทะ กลับพบว่าเป็นกับดักที่กองทัพ A จัดไว้อยู่แล้ว,ปล่อยเชลย (“แสร้งปล่อย”) เพื่อให้ศัตรูอ่อนกำลังและยืดเสบียง เมื่อทหารเสริมมาถึงจึงไล่ตีในสภาพเสียเปรียบ ช่วยลดกำลังศัตรูโดยไม่ต้องบุกเข้าเมืองหลัก,เข้าตี,แสร้งปล่อยเพื่อจับ
บริษัท X ซื้อหุ้นใหญ่บริษัท Y แล้วประกาศขายออกบางส่วนเพื่อลดสัดส่วน ถือเป็นการถอนตัวแบบชั่วคราว,คู่แข่งและนักลงทุนเข้าใจว่าบริษัท X จะถอนทัพและไม่สนใจตลาด จึงขยับขยายกำลังการผลิตและลงทุนเพิ่ม แต่ทันทีกลับถูกบริษัท X บุกตลาดด้วยข้อเสนอใหม่ที่เหนือกว่า,ใช้ภาพการถอนตัว (“แสร้งปล่อย”) ให้คู่แข่งประเมินผิดว่า X จะไม่แข่งขัน จึงชะลอการลงทุน พอถึงเวลาจริง X ก็ควบคุมตลาดได้โดยง่าย,เข้าตี,แสร้งปล่อยเพื่อจับ
พรรคการเมือง A จับผู้นำฝ่ายค้านเป็นจำเลยคดีทุจริต แต่กลับปล่อยตัวด้วยเงื่อนไข ให้กลับไปรวบรวมเสียงสนับสนุน,ฝ่ายค้านเห็นว่าถูกลดทอนอำนาจชั่วคราว จึงรีบรวมเสียง สร้างกลุ่มพันธมิตรใหม่ แต่เมื่อเสร็จสิ้นการรวบรวม ฝ่าย A ก็ใช้ความชอบธรรมทางกฎหมายเข้าจัดการใหม่นำไปสู่การยุบพรรค,ปล่อยฝ่ายค้าน (“แสร้งปล่อย”) ให้ไปฟื้นกำลังและเปิดเผยตัวตน ช่วยให้ฝ่าย A รวบรวมหลักฐานใหม่และจัดระเบียบแนวร่วมฝ่ายตรงข้ามก่อนจะกวาดล้างในการเลือกตั้งครั้งต่อไป,เข้าตี,แสร้งปล่อยเพื่อจับ
ทีมฟุตบอล A จงใจปล่อยให้คู่แข่งทำประตูขึ้นก่อนในครึ่งแรก แล้วไม่กดดันแต่อย่างใด,ทีม B พอใจที่ได้ความได้เปรียบ จึงตั้งเกมรับสูงเปิดพื้นที่กว้าง ทิ้งช่องโหว่ไว้ตรงกลางสนาม,ปล่อยคู่แข่งทำคะแนน (“แสร้งปล่อย”) เพื่อให้ยกเกมรับขึ้นสูง พอถึงครึ่งหลัง A ใช้แผนสวนกลับจากช่องกลางสนามที่ว่างเปล่า พลิกกลับมาชนะเกมได้อย่างพลิกล็อก,เข้าตี,แสร้งปล่อยเพื่อจับ
หน่วยข่าวกรองจับสายลับคู่แข่งไว้ได้ แต่ปล่อยให้กลับไป พร้อมติดตามระยะไกลผ่านเครื่องส่งสัญญาณ,คู่แข่งเข้าใจว่าการปล่อยเป็นความพยายามคืนดี จึงเลิกตรวจสอบหรือล็อกช่องทางสื่อสาร จนเปิดเผยแผนการเคลื่อนที่ของกองกำลังและฐานบัญชาการหลัก,ปล่อยสายลับ (“แสร้งปล่อย”) เพื่อให้ศัตรูโยกย้ายและใช้ช่องทางปกติ เมื่อข้อมูลเคลื่อนย้ายไหลเข้าสู่ระบบติดตามของตนแล้ว จึงส่งหน่วยปฏิบัติการเข้าโจมตีในทันที,เข้าตี,แสร้งปล่อยเพื่อจับ
กองทัพส่งรถพิกัดเสบียงปลอมหุ้มด้วยผ้าสีสดและธงประดับ ดูคล้ายขบวนเสบียงหลัก ขณะที่ขบวนจริงเคลื่อนลับไปทางอื่น,ศัตรูเห็นขบวนเสบียงจะแน่นหนาและยิ่งใหญ่ จึงส่งกำลังติดตามและซุ่มโจมตีพิกัดปลอม โดยไม่รู้ว่าพิกัดหลักล่องหนหลบหนีไปแล้ว,ใช้ “กระเบื้องปลอม” คือขบวนเสบียงปลอม ให้ศัตรูสับสน จนโยกกำลังไปตอบโต้จุดปลอม แล้วจึงนำขบวนหลักมาสร้างความได้เปรียบภายหลัง,เข้าตี,โยนกระเบื้องล่อหยก
บริษัท A ปล่อยข่าวเปิดตัวแอปรุ่นย่อยฟีเจอร์จำกัด เพื่อให้คู่แข่งโฟกัสพัฒนาฟีเจอร์นั้น ขณะที่ทีมจริงกำลังซุ่มสร้างเวอร์ชันใหญ่ที่ล้ำหน้า,คู่แข่งเห็นทิศทางเฉพาะจุด จึงทุ่มทรัพยากรพัฒนาฟีเจอร์ย่อยจนล้มเหลว แต่พอบริษัท A เปิดตัวเวอร์ชันใหญ่จริง ก็ทำตลาดได้เหนือกว่าอย่างยิ่ง,ใช้ “กระเบื้องปลอม” คือแอปเวอร์ชันย่อย ให้คู่แข่งเสียเวลาโฟกัส ก่อนเปิดตัว “หยกแท้” คือเวอร์ชันใหญ่ที่เตรียมมาพร้อมกัน,เข้าตี,โยนกระเบื้องล่อหยก
พรรคการเมือง A จัดเวทีปราศรัยย่อยในชุมชนหมู่บ้านห่างไกล ให้คู่แข่งเชื่อว่าเป้าหมายฐานเสียงสำคัญอยู่ที่นั่นจริง แต่ความจริงเวทีใหญ่จัดที่เมืองหลวง,พรรค B ทุ่มงบและทีมยุทธศาสตร์ไปเน้นฐานเสียงชนบท แต่เมื่อมาถึงกลับพบว่าเวทีใหญ่ที่เมืองหลวงได้รับความสนใจสูงกว่าและกวาดคะแนนได้ถล่มทลาย,ใช้ “กระเบื้องปลอม” คือเวทีปราศรัยย่อย ให้ศัตรูประเมินผิดจุดโฟกัส ทำให้โอนทรัพยากรไปตอบสนองเบา ๆ แล้วพลิกมาใช้ “หยกแท้” คือเวทีใหญ่ที่เตรียมไว้พร้อมกัน,เข้าตี,โยนกระเบื้องล่อหยก
ทีมฟุตบอล A ส่งชุดเยาวชนลงสนามฝึกซ้อมแข่งขันกระชับมิตร ทำให้ทีม B ประเมินต่ำว่าไร้ประสบการณ์และไม่ระวังการจัดแท็กติกรับ-รุก,ทีม B ไม่จัดแท็กติกรับรัดกุม ให้เยาวชน A เล่นสบาย จนเห็นตำราเกมรับจริงเบา ๆ แต่พอแมตช์จริง A เปลี่ยนชุดเป็นชุดหลักและใช้แท็กติกขั้นสูงพลิกชนะทีม B ได้ราบคาบ,ใช้ “กระเบื้องปลอม” คือเยาวชนลงเล่น ในเกมกระชับมิตร เพื่อให้คู่แข่งประมาท พอถึงเวลาจริงจึงส่ง “หยกแท้” คือผู้เล่นชุดหลัก พร้อมแท็กติกเต็มรูปแบบลงสนาม,เข้าตี,โยนกระเบื้องล่อหยก
"หน่วยข่าวกรองปล่อยคลิปเสียงปลอมว่าเตรียมเคลื่อนพล 10,000 นายไปยังชายแดนภาคเหนือ เพื่อให้ศัตรูยกพลมาเผชิญหน้า ขณะที่กำลังหลักเคลื่อนลับไปยังพื้นที่ตะวันออก",ศัตรูรีบส่งกำลังไปชายแดนภาคเหนืออย่างเต็มกำลัง ทำให้ชายแดนตะวันออกโล่งและไม่มีใครป้องกัน,ใช้ “กระเบื้องปลอม” คือคลิปเสียงปลอม ให้ศัตรูโฟกัสผิดจุด พอศัตรูเคลื่อนพลไปผิดแนว รับมือไม่ทันกับการบุกของกำลังจริง (“หยกแท้”) ที่เคลื่อนลับผ่านช่องว่าง,เข้าตี,โยนกระเบื้องล่อหยก
กองทัพฝ่าย A สังเกตว่าพันโทฝ่าย B เป็นแกนหลักในการประสานยุทธวิธี จึงส่งหน่วยจู่โจมลอบเข้าชิงตัวพันโทกลางดึกในค่ายทัพ,เมื่อพันโทถูกจับ ฝ่าย B ขาดศูนย์กลางในการสั่งการ เหล่ากำลังพลเกิดความสับสนและล้มเลิกการต่อสู้,ขจัด “หัวโจก” ของศัตรู ทำให้กองทัพฝ่าย B ขาดผู้นำ เสียขวัญและแตกพ่ายได้ง่าย,เข้าตี,จับโจรเอาหัวโจก
บริษัท X ตรวจสอบพบว่าผู้อำนวยการฝ่ายวิจัยของคู่แข่ง Y เป็นผู้ริเริ่มโครงการสำคัญ จึงแทรกแซงด้วยการเชิญเข้าสัมมนาแล้วลอบยึดข้อมูล,เมื่อผู้นำโครงการถูกเบี่ยงเบนความสนใจและข้อมูลสำคัญถูกยึด คู่แข่ง Y ขาดแนวทางพัฒนาเทคโนโลยีใหม่,จับ “หัวโจก” ด้านนวัตกรรมศัตรู ทำให้คู่แข่งสูญเสียแหล่งข้อมูลและผู้นำความรู้ จึงไม่สามารถเดินหน้าโครงการต่อไป,เข้าตี,จับโจรเอาหัวโจก
พรรค A ระบุตัวแกนนำฝ่าย B ในการชุมนุมใหญ่และส่งทีมตำรวจล้อมจับตัว ช่วงชุลมุนผู้ร่วมชุมนุมแตกตื่นจนยุบการชุมนุมทั้งหมด,เมื่อตัวแทนหลักถูกจับ ฝ่าย B ขาดศูนย์กลางเรียกร้อง เสียงต่อต้านจึงเงียบลง แต่ละกลุ่มแตกกระเจิง,จับ “หัวโจก” การประท้วง ลดขวัญกำลังใจและการประสานงานในฝูงชน ทำให้การชุมนุมยุติโดยแทบไม่ต้องใช้กำลังปราบปราม,เข้าตี,จับโจรเอาหัวโจก
ทีมฟุตบอล A รู้ว่ากัปตันทีม B คือผู้นำเกมรุกสำคัญ จึงส่งผู้เล่นให้เข้าบอลหนักเฉพาะกัปตัน ทำให้ได้รับใบเหลือง-แดงและต้องถูกให้ออกสนาม,เมื่อกัปตันถูกไล่ออก ทีม B ขาดผู้นำในสนาม การปรับหมากและแท็กติกจึงผิดพลาด เกมรับเสียสมดุลจนถูกเจาะประตู,“จับ” กัปตันออกจากเกม ด้วยการบีบใบเหลืองแดง ทำให้ขาดผู้สั่งการในสนาม เหลือเพียงผู้เล่นที่ขาดความชัดเจนในการรับมือ,เข้าตี,จับโจรเอาหัวโจก
หน่วยข่าวกรองจับตัวหัวหน้ากลุ่มกบฏได้ในการเจรจาสันติภาพปลอม จนกลุ่มกบฏไร้ผู้นำกลาง ให้เกิดการแตกแยกและยอมจำนนต่อรัฐบาล,เมื่อหัวหน้ากลุ่มกบฏหายไปไม่สามารถประสานการเคลื่อนไหวได้ สมาชิกกบฏแตกกันคนละทาง บางส่วนยอมสวามิภักดิ์ บางส่วนหนีเข้าป่า,จับ “หัวโจก” ของการเคลื่อนไหวฝ่ายตรงข้าม ในเวลาสันติภาพปลอม จะแทรกแซงได้ง่ายกว่าในยามรบเต็มรูปแบบ ทำให้กลุ่มกบฎแตกพ่ายโดยไม่ต้องปะทะใหญ่,เข้าตี,จับโจรเอาหัวโจก
ฝ่าย A ส่งสาส์นเชิญต่อรองสันติภาพ และเปิดทางข้อต่อรองบางประการให้ศัตรู,ศัตรูเห็นว่าได้รับสิทธิพิเศษ จึงผ่อนคลายกำลังและลดการลาดตระเวน ทำให้ขาดความระมัดระวัง,ใช้ท่าที “อ่อน” หลอกให้ศัตรูคลายกำลัง (“น้ำอ่อนชนะฟ้าแข็ง”) เมื่อศัตรูผ่อนคลายแล้ว จึงค่อยส่งกองกำลังลับบุกเข้าจากด้านหลัง,ติดพัน,ถอนฟืนใต้กระทะ
บริษัท X เสนอร่วมมือโปรเจ็คท์ระยะยาว โดยให้บริษัท Y ถือหุ้นส่วนเล็กน้อย,บริษัท Y พอใจได้เข้าถึงตลาดใหม่ จึงโอนทรัพยากรบางส่วนมาใช้ในโปรเจ็คท์ร่วมโดยไม่ระวังช่องโหว่ทางการเงิน,ยอมเสีย “หุ้นเล็กน้อย” เพื่อให้คู่แข่งผ่อนคลายการควบคุมทรัพยากร พอถึงเวลาที่เหมาะสม จึงเข้าซื้อหุ้นเพิ่มและควบคุมกิจการ,ติดพัน,ถอนฟืนใต้กระทะ
พรรค A ประกาศปิดรับฟังความคิดเห็นสาธารณะชั่วคราว แต่เปิดให้กลุ่มพันธมิตรยังยื่นข้อเสนอได้,พรรค B เชื่อว่าพรรค A หยุดรับฟัง จึงผ่อนงบประมาณและทีมงานโฆษณาไปพัฒนาแคมเปญใหม่ช้า ทำให้สูญโอกาสโต้ตอบในประเด็นร้อน,ใช้ท่าที “ถอย” ให้ศัตรูประเมินต่ำ จนชะลอการเตรียมพร้อมของตนเอง พอถึงเวลาที่ A เปิดรับฟังใหม่ ก็โต้กลับได้รวดเร็วและสร้างแรงกระเพื่อมทางการเมือง,ติดพัน,ถอนฟืนใต้กระทะ
ทีมฟุตบอล A เปลี่ยนมาใช้แท็กติกรับต่ำ เปิดพื้นที่ให้คู่แข่งบุกเข้ามาบ้าง,ทีม B มั่นใจว่าการรับต่ำจะกดดัน A ไม่ออก จึงถ่ายโอนเกมรุกมาที่ A เกินจำเป็น ทำให้ถอนสมดุลระหว่างเกมรับและเกมรุก,ใช้อาการ “ยอมอ่อน” ให้อีกฝ่ายโหมบุกจนลำพัง เมื่อคู่แข่งบุกจนเหนื่อยและพื้นที่ว่าง จึงเปลี่ยนเป็นโต้กลับอย่างรวดเร็ว (“ดุจฟ้าอยู่เหนือน้ำ”),ติดพัน,ถอนฟืนใต้กระทะ
หน่วยข่าวกรองปล่อยข่าวว่ากำลังถอยทัพกลับฐานหลัก เพื่อให้ศัตรูถอนกำลังออกจากแนวหน้า,ศัตรูลดการตั้งด่านและส่งกำลังไปยึดแนวหน้าเดิมตามข่าว แต่พบเพียงกำลังลาดตระเวนบางส่วน ทำให้ถูกหน่วยลับของฝ่ายข่าวกรองซุ่มโจมตี,หย่อนกำลังให้ศัตรูคลายความเข้มแข็ง (“ถอนฟืนใต้กระทะ”) แล้วใช้ช่องว่างนั้นส่งหน่วยจู่โจมเข้ายึดพื้นที่สำคัญอย่างรวดเร็ว,ติดพัน,ถอนฟืนใต้กระทะ
กองทัพฝ่าย A ส่งข่าวลือภายในกองทัพฝ่าย B ว่ามีผู้บัญชาการระดับสูงกำลังวางแผนลอบสังหารกันเอง,ฝ่าย B เกิดความหวาดระแวงในหมู่ผู้บัญชาการ ส่งผลให้เกิดการโต้เถียงและแบ่งฝ่ายภายในกองทัพจนสับสน,เมื่อฝ่าย B ปั่นป่วนจนขวัญกำลังใจลดลง จึงปล่อยกองกำลังจู่โจมเข้าตีตรงกลางที่ว่างเปล่า (“กวนน้ำ” ให้เชื่องช้า แล้ว “จับปลา” ด้วยการบุกโจมตี),ติดพัน,กวนน้ำจับปลา
บริษัท X ปล่อยรีวิวลวงว่ามีปัญหาด้านคุณภาพในสายการผลิตของคู่แข่ง Y เพื่อสร้างความไม่มั่นใจในผู้บริโภค,คู่แข่ง Y ต้องรีบปรับปรุงกระบวนการตรวจสอบคุณภาพจนชะลอการผลิตและจัดการขนส่ง เกิดความล่าช้าในการส่งมอบสินค้า,ใช้ความปั่นป่วนของคู่แข่งในกระบวนการผลิตและขนส่ง (“กวนน้ำ”) แล้วเร่งปล่อยโปรโมชั่นราคาพิเศษเพื่อ “จับปลา” ดึงลูกค้าไปสู่แบรนด์ตนเอง,ติดพัน,กวนน้ำจับปลา
พรรค A ปล่อยข่าวภายในว่าพรรค B กำลังเจรจาฉ้อฉลกับกลุ่มผลประโยชน์ ทำให้ ส.ส. พรรค B เกิดความแตกแยกและถกเถียงกันเองในวงประชุมใหญ่,ฝ่าย B เปิดประชุมถกปัญหาภายในนานจนพลาดการลงมติสำคัญ และสมาชิกบางส่วนไม่เข้าประชุมเพราะขัดแย้ง,เมื่อฝ่าย B ปั่นป่วนจนขาดเอกภาพ พรรค A จึงเปิดตัวนโยบายใหม่ฉับพลันในที่ประชุมและชิงผลคะแนนเสียงในการลงมติ (“จับปลา”) ก่อนที่ฝ่าย B จะรวมตัวกันได้อีกครั้ง,ติดพัน,กวนน้ำจับปลา
ทีมฟุตบอล A ทราบข่าวว่าผู้เล่นแกนหลักของทีม B มีปัญหาความสัมพันธ์ส่วนตัว จึงส่งนักเตะสำรองยั่วยุเพื่อกระตุ้นให้เกิดการทะเลาะวิวาท,ทีม B เกิดความบาดหมางในสนาม จนแท็กติกการสื่อสารและการสับเปลี่ยนตำแหน่งผิดพลาด ทำให้รูปเกมกระจัดกระจาย,ใช้ความปั่นป่วนในหมู่ผู้เล่นฝ่าย B (“กวนน้ำ”) แล้วช่วงชิงช่วงเวลาที่ฝ่าย B สื่อสารผิดพลาดเพื่อโต้กลับและยิงประตู (“จับปลา”),ติดพัน,กวนน้ำจับปลา
หน่วยข่าวกรองปล่อย “ข่าวหลุด” ว่ามีสายลับแฝงในกองบัญชาการฝ่ายศัตรู ทำให้เกิดการสืบสวนภายในอย่างเข้มข้น จนแทบไม่เหลือกำลังลาดตระเวน,ฝ่ายศัตรูใช้เวลาส่วนใหญ่ไปกับการสืบสวนภายในและตรวจสอบสมาชิก จนละเลยขอบเขตป้องกันแนวหน้า,เมื่อฝ่ายศัตรูปั่นป่วนจนไม่สามารถตั้งกำลังเฝ้าระมัดระวังแนวหน้าได้ หน่วยจู่โจมจึงซุ่มเข้าตีทันทีและยึดพื้นที่สำคัญได้อย่างรวดเร็ว (“จับปลา”),ติดพัน,กวนน้ำจับปลา
กองทัพจ๊กก๊กจัดแนวรับเข้มแข็งตามรูปแบบเดิมริมแม่น้ำ จนสุมาอี้ไม่กล้าบุกเข้าทางนั้น,ศัตรูมองเห็นแนวรบที่มั่นคงและเกรงว่าหากบุกโจมตีจะเสียหาย จึงชะลอการเคลื่อนไหวและไม่สั่งตามทันที,รักษาแถวไว้ให้ดูแข็งแกร่ง (“ลอกคราบ” เหมือนจั๊กจั่นยังไม่หลุดเปลือก) จากนั้นค่อยแยกกองกำลังลับถอยทัพผ่านเส้นทางลับโดยไม่ให้ศัตรูระวัง,ติดพัน,จักจั่นลอกคราบ
บริษัท A จัดผลิตภัณฑ์ใหม่วางขายตามปกติในช่องทางหลักทุกแพลตฟอร์ม เพื่อให้คู่แข่งเชื่อว่าไม่มีแผนเปลี่ยนกลยุทธ์,คู่แข่งประเมินว่าบริษัท A ยังคงแผนเดิม จึงไม่รีบปรับช่องทางจัดจำหน่ายและโฟกัสตลาดเดิม,แสร้งรักษาการจำหน่ายตามปกติ (“ลอกคราบ”) แล้วยกเลิกสั่งสินค้าในเงียบๆ เพื่อย้ายสต็อกไปลับที่โกดังนอกระบบ เมื่อถึงเวลาจึงเปิดตัวช่องทางใหม่อย่างรวดเร็วและเงียบเชียบ,ติดพัน,จักจั่นลอกคราบ
พรรคการเมือง X จัดเวทีปราศรัยใหญ่เหมือนทุกครั้งในพื้นที่เดิม เพื่อให้ฝ่ายค้านคิดว่าไม่มีการเปลี่ยนแปลงนโยบาย,ฝ่ายค้านจึงไม่เตรียมแผนตอบโต้พิเศษและไม่ส่งทีมสอดแนมประจำที่,รักษาการปราศรัยตามแผน (“ลอกคราบ”) จากนั้นเลื่อนการถ่ายทอดสดและย้ายสถานที่จัดเสวนาลับไปยังเขตที่ฝ่ายค้านไม่เฝ้าระวัง ก่อนเปิดเผยนโยบายใหม่เมื่อไม่ทันตั้งตัว,ติดพัน,จักจั่นลอกคราบ
ทีมฟุตบอล A วางแท็กติกการเล่นบ้านๆ เหมือนเกมก่อนหน้า เพื่อให้ทีมคู่แข่งไม่สับสนและไม่ปรับหมาก,ทีม B เห็นว่าแท็กติกเดิมยังใช้ได้ จึงไม่เปลี่ยนแผนรับและไม่เฝ้าระวังเกมรุกพิเศษ,รักษาแผนเล่นเดิม (“ลอกคราบ”) จนคู่แข่งตั้งตัวไม่ทัน แล้วช่วงสุดท้ายเปลี่ยนมาใช้แท็กติกเซ็ตพิเศษที่ฝึกในความลับ พลิกขึ้นนำและคว้าชัยในนาทีสุดท้าย,ติดพัน,จักจั่นลอกคราบ
หน่วยข่าวกรองปล่อยภาพค่ายหลักคงอยู่ที่เดิมพร้อมไฟส่องสว่าง ให้ศัตรูคิดว่าไม่มีการเคลื่อนย้าย,ศัตรูจึงไม่ส่งหน่วยลาดตระเวนตรวจสอบเส้นทางลับและไม่ปรับจุดดักซุ่ม,สร้างภาพค่ายหลักตามปกติ (“ลอกคราบ”) แล้วเคลื่อนย้ายกำลังหลักผ่านทางลับยามค่ำคืน เมื่อศัตรูยังเฝ้าดูจุดเดิมจึงเปิดฉากโจมตีด้วยกำลังที่หลบซ่อนอย่างได้เปรียบ,ติดพัน,จักจั่นลอกคราบ
กองหน้าเวอร์ชันทดลองของฝ่ายศัตรูถูกดึงออกมาต่อสู้แล้วหนีเข้าร่วมกองสำรอง ช่วงนั้นกองทัพเราเร่งส่งกองกำลังล้อมจับกุมทันที,เมื่อศัตรูแตกกระจัดกระจายเป็นกองเล็ก กำลังพลขาดการประสานงานและไร้ความมั่นใจ,ต้องโอบล้อมศัตรูส่วนเล็กที่หลบหนี (“ปิดประตู”) ไม่ให้หลุดหนีออกไปได้ แล้วกำจัดให้สิ้นซากเพื่อป้องกันไม่ให้กลับมารวมกำลังใหม่ (“จับโจร”),ติดพัน,ปิดประตูจับโจร
บริษัท A ออกคำสั่งระงับสินค้าตัวเล็กที่ทำกำไรน้อย แต่แอบส่งทีมกฎหมายฟ้องคู่แข่งรายย่อย ให้ศัตรูเหลือเพียงไม่กี่รายก่อนเข้าฟื้นฟูตลาดต่อ,คู่แข่งรายย่อยถูกฟ้องจนเหลือเพียงส่วนเล็ก ส่วนใหญ่ปิดกิจการกลางทาง กำลังแข่งขันลดน้อย,ใช้มาตรการทางกฎหมายล้อมเอาศัตรูรายย่อยให้เหลือไม่กี่ราย (“ปิดประตู”) แล้วจึงจัดการกวาดล้างตลาดทั้งหมดโดยไม่มีคู่แข่งรุ่นเล็กมาต่อต้าน (“จับโจร”),ติดพัน,ปิดประตูจับโจร
พรรค X ผ่านกฎหมายใหม่คุมเข้มกลุ่มเคลื่อนไหวเล็ก ๆ ในพื้นที่ แต่ปล่อยให้กลุ่มใหญ่ถูกจำกัดไม่สามารถสนับสนุน ได้จนแตกกระจาย,กลุ่มเล็ก ๆ ถูกจับกุมทีละกลุ่มจนแทบไม่มีใครเหลือ รวมทั้งขาดการสนับสนุนจากกลุ่มใหญ่,ต้องปิดช่องทางหนีและสนับสนุน (“ปิดประตู”) ไม่ให้กลุ่มเล็กรวมตัวกันใหม่ แล้วจัดการจับกุมเชิงรุกจนศัตรูเสี่ยงหมดหนทางสู้ (“จับโจร”),ติดพัน,ปิดประตูจับโจร
ทีมฟุตบอล A ใช้แท็กติกกดดันรวบบอลกลางสนามจนฝ่าย B ต้องถอยร่น เมื่อเห็นคู่แข่งกระจัดกระจาย จึงส่งพลบุกโอบกรอบสามด้าน,เมื่อฝ่าย B ถอยจนแนวรับกระจัดกระจาย ไม่มีช่องทางถอยทัพ จะประสานเกมรับไม่ทัน,ใช้มิดฟิลด์และแบ็กบุกโอบล้อม (“ปิดประตู”) ไม่ให้คู่แข่งหนีขึ้นหน้า แล้วส่งกองหน้าสำรองเข้าปิดตายและทำประตู (“จับโจร”),ติดพัน,ปิดประตูจับโจร
หน่วยข่าวกรองปล่อยข้อมูลว่ากลุ่มแฮ็กเกอร์แยกย้ายกันหลบซ่อนในเซิร์ฟเวอร์เล็ก ๆ ทั่วโลก แล้วสกัดทุกช่องทางการสื่อสาร,แฮ็กเกอร์พยายามย้ายเซิร์ฟเวอร์หลายจุด แต่ถูกทีมไซเบอร์ล้อมตรวจพบจนหลุดรอดไม่พ้น,ใช้ข่าวหลอกให้ศัตรูแตกย้ายหลายที่ (“ปิดประตู”) แล้วปิดกั้นทุกช่องทางออกและบุกล้ำเข้ายึดเซิร์ฟเวอร์จนจับกุมผู้ลงมือได้หมด (“จับโจร”),ติดพัน,ปิดประตูจับโจร
กองทัพจ๊กก๊กจับตาดูความเคลื่อนไหวของแคว้นหนานก๊กอย่างใกล้ชิด แต่เลือกส่งทูตและเครื่องบรรณาการไปยังแคว้นเฉียงก๊ก เพื่อสร้างพันธมิตร,แคว้นเฉียงก๊กซึ่งอยู่ไกลกว่ารู้สึกเป็นมิตรและยินดีให้ความช่วยเหลือ ขณะที่แคว้นหนานก๊กซึ่งอยู่ใกล้กลับไม่ได้ระวัง,ผูกมิตรกับแคว้นไกล (“คบไกล”) เพื่อให้ได้กำลังสนับสนุนทางยุทธศาสตร์ จากนั้นจึงบุกโจมตีแคว้นใกล้ (“ตีใกล้”) โดยไม่ต้องกังวลด้านหลัง,ติดพัน,คบไกลตีใกล้
บริษัท A จัดตั้งบริษัทร่วมทุนกับพันธมิตรต่างชาติในยุโรป เพื่อแลกกับเทคโนโลยีล้ำสมัย แล้วใช้เทคโนโลยีนั้นมาพัฒนาสินค้าส่งตลาดในประเทศบ้านเกิด,คู่แข่งรายท้องถิ่นซึ่งอยู่ในประเทศเดียวกันไม่ทันตั้งตัวกับนวัตกรรมใหม่ที่เข้ามาและจมทุนกับผลิตภัณฑ์เดิม,ผูกมิตรกับพันธมิตรไกล (“คบไกล”) เพื่อดึงเทคโนโลยีเข้ามาช่วย เพิ่มขีดความสามารถในการแข่งขัน จากนั้นเจาะตลาดใกล้ตัวจนได้เปรียบ,ติดพัน,คบไกลตีใกล้
พรรค A ส่งคณะทูตไปเจรจาสันติภาพกับประเทศเพื่อนบ้านที่ไกลออกไป ขณะที่เตรียมประนีประนอมกับพรรค B ในประเทศตนเองเพื่อรวบรวมเสียงสนับสนุน,พรรค B คิดว่ามีพันธมิตรภายนอกค้ำยัน จึงไม่ระวังในการตรวจสอบนโยบายภายในพรรค A,ใช้ความร่วมมือจากภายนอก (“คบไกล”) เป็นเครื่องมือสร้างความน่าเชื่อถือ แล้วจัดการชิงเสียงจากกลุ่มใกล้ตัว (“ตีใกล้”) ในการเลือกตั้งท้องถิ่น,ติดพัน,คบไกลตีใกล้
ทีมฟุตบอล A ส่งชุดเยาวชนไปเก็บตัวฝึกซ้อมร่วมกับทีมโรงเรียนต่างจังหวัดเพื่อแลกกับข้อมูลแท็กติก แล้วนำข้อมูลมาปรับใช้ในการแข่งกับทีมใกล้บ้าน,ทีมคู่แข่งท้องถิ่นประมาทคิดว่า A ยังไม่มีประสบการณ์ จึงไม่เฝ้าดูเกมซ้อมใกล้บ้าน ทำให้พลาดแท็กติกใหม่,ไปฝึกร่วมกับทีมไกล (“คบไกล”) เพื่อแลกกับข้อมูลเชิงลึก แล้วใช้ข้อมูลที่ได้เจาะจงเล่นกับทีมใกล้ตัว (“ตีใกล้”) ให้เกิดชัยชนะ,ติดพัน,คบไกลตีใกล้
หน่วยข่าวกรองจัดตั้งเครือข่ายให้ข้อมูลในต่างประเทศ เพื่อหลอกล่อคู่กรณีให้ออกข้อมูลลับจากแหล่งที่อยู่ใกล้เคียง,ศัตรูเชื่อว่าเครือข่ายในต่างประเทศปลอดภัยจึงส่งข้อมูลสำคัญผ่านช่องทางใกล้ตัวโดยไม่เข้ารหัส,ใช้ช่องทางไกล (“คบไกล”) หลอกให้ศัตรูไว้วางใจ แล้วดักข้อมูลที่ส่งผ่านช่องทางในประเทศ (“ตีใกล้”) เพื่อใช้ในการปฏิบัติการต่อไป,ติดพัน,คบไกลตีใกล้
กองทัพจ๊กก๊กผ่านดินแดนของแคว้นเสฉวนเล็กเพื่อไปตีวุยก๊ก ขงเบ้งจึงให้เกณฑ์เสบียงและม้าแก่เจ้าผู้ครองแคว้นนั้น แล้วเดินพลจ้อย ๆ ผ่านพื้นที่โดยสงบ,แคว้นเสฉวนเล็กยินดีเปิดทางให้เต็มใจ เพราะได้รับการช่วยเหลือด้านเสบียงและขนส่ง ทำให้ไม่ตั้งกำแพงกีดขวาง,“ยืมทาง” ของแคว้นเล็กที่ถูกช่วยเหลือ ทำให้ขงเบ้งเคลื่อนพลผ่านดินแดนได้ปลอดภัยโดยไม่ต้องปะทะหรือเผชิญกำลังฝ่ายตรงข้าม,ติดพัน,ยืมทางพรางกล
บริษัท A ขอใช้คลังสินค้าและศูนย์กระจายสินค้าของบริษัท B ขนาดเล็กในต่างจังหวัด เพื่อส่งสินค้าเข้าถึงตลาดหลักโดยไม่เร่งลงทุนสร้างคลังใหม่,บริษัท B รู้สึกขอบคุณและยินดีให้ทาง จึงไม่ตรวจสอบเงื่อนไขลึกซึ้ง ทำให้ A ส่งสินค้าได้รวดเร็วและลดต้นทุน,“ยืมทาง” อาคารคลังของ B ที่ได้รับความช่วยเหลือ ช่วยให้ A เข้าถึงลูกค้าตลาดใกล้เคียง โดยไม่ต้องเสียเวลาและต้นทุนสร้างคลังของตนเอง,ติดพัน,ยืมทางพรางกล
พรรค X ส่งรถตรวจเลือกตั้งและอุปกรณ์สื่อสารให้พรรค Y เล็ก ๆ ในพื้นที่ห่างไกล เพื่อแลกกับการเปิดทางให้รถปราศรัยใหญ่ของตนผ่านพื้นที่โดยไม่ติดขัด,พรรค Y รู้สึกได้รับความช่วยเหลือ จึงไม่ขัดขวางและพร้อมอำนวยความสะดวกให้รถปราศรัยของ X ผ่านไปในพื้นที่สำคัญ,“ยืมทาง” ผ่านพื้นที่ของ Y ที่ถูกช่วยเหลือ ทำให้ X สามารถใช้รถปราศรัยเข้าถึงผู้เลือกตั้งได้โดยราบรื่นและรวดเร็ว,ติดพัน,ยืมทางพรางกล
ทีมฟุตบอล A ใช้สนามซ้อมของสโมสรเล็กในชานเมืองเป็นสนามฝึกก่อนแข่งลีกใหญ่ ทำให้สนามหลักไม่เสียหายและไม่ดึงความสนใจจากคู่แข่ง,สโมสรเล็กรู้สึกได้รับโอกาสและทรัพยากร จึงไม่เปิดเผยข้อมูลการซ้อมของ A ให้ทีมคู่แข่งรู้,“ยืมทาง” สนามซ้อมของสโมสรเล็กที่ถูกช่วยเหลือ ช่วยให้ A ซ้อมแผนใหม่โดยไม่เป็นเป้าสายตาคู่แข่ง และพร้อมลงแข่งขันจริงด้วยแท็กติกเด็ด,ติดพัน,ยืมทางพรางกล
หน่วยข่าวกรองเจรจาขอใช้เครือข่ายสื่อสารของฝ่ายที่สามซึ่งเป็นรัฐเล็ก เพื่อส่งข้อมูลข่าวกรองผ่านเส้นทางนั้นโดยไม่ให้ศัตรูจับสัญญาณได้,รัฐเล็กยินดีให้อำนวยความสะดวก เนื่องจากได้ประโยชน์ด้านความสัมพันธ์ ทำให้ช่องทางสื่อสารไม่ถูกตรวจจับ,“ยืมทาง” เครือข่ายสื่อสารของรัฐเล็กที่ถูกช่วยเหลือ ช่วยให้ข้อมูลข่าวกรองไหลเข้าออกได้อย่างลับๆ ปลอดภัย จนฝ่ายตรงข้ามไม่ทันตั้งตัว,ติดพัน,ยืมทางพรางกล
กองทัพฝ่าย A สังเกตว่าศัตรูย้ายค่ายหลักจากเนินสูงไปยังที่ราบเพื่อเสริมเสบียง จึงส่งหน่วยลับเข้าเผชิญหน้าเบี่ยงเบนความสนใจ ก่อนสะกิดกองกำลังหลักบุกถล่มค่ายบนเนินเดิม,ศัตรูคาดว่าที่ราบเป็นจุดมั่นใหม่ จึงลดกำลังรักษาค่ายบนเนินสูง ทำให้แนวป้องกันเดิมโล่ง,“เปลี่ยนเสา” ให้ศัตรูย้ายจุดยุทธศาสตร์ไปก่อน แล้วกลับมาโจมตีจุดเดิมที่อ่อนแอ (“ลักชื่อเปลี่ยนเสา”),ร่วมรบ,ลักชื่อเปลี่ยนเสา
บริษัท X แพร่ข่าวว่าคู่แข่ง Y ย้ายโรงงานไปต่างจังหวัด เพื่อให้ Y ย้ายทรัพยากรและคนงานออกจากฐานผลิตเดิม ก่อน X จะเปิดโรงงานใหม่ในพื้นที่นั้นทันที,คู่แข่งถอนคนงานและเครื่องจักรจากโรงงานหลัก ส่งผลให้สายการผลิตเดิมขาดแคลนวัตถุดิบและกำลังคน,หลอกให้ศัตรูย้ายฐานผลิต (“เปลี่ยนเสา”) แล้วฉวยโอกาสเข้ายึดตลาดในพื้นที่เดิมที่ศัตรูกำลังอ่อนกำลัง,ร่วมรบ,ลักชื่อเปลี่ยนเสา
พรรค A ปล่อยข่าวว่าพรรค B จะย้ายสำนักงานใหญ่หาเสียงไปจังหวัดใกล้เคียง เพื่อให้ B ย้ายทีมยุทธศาสตร์ไปกันหมด แล้ว A ใช้โอกาสนั้นบุกหาเสียงในที่เดิมเอง,พรรค B ถอนทีมโฆษณาและสื่อสารออกจากพื้นที่หัวเมืองหลัก ทำให้เวทีหาเสียงของ B ในที่นั้นปราศจากการต่อต้าน,หลอกให้ศัตรูย้ายจุดยุทธศาสตร์หาเสียง (“เปลี่ยนเสา”) แล้วใช้ช่องว่างในพื้นที่เดิมเผยแพร่นโยบายของตนเพื่อคว้าคะแนนเสียง,ร่วมรบ,ลักชื่อเปลี่ยนเสา
ทีมฟุตบอล A ส่งข่าวลือนักเตะตัวหลักบาดเจ็บหนักจนต้องย้ายออกไปพักฟื้น ทำให้ทีม B สลับย้ายตำแหน่งเกมรับไปด้านซ้าย ค่าย A จึงบุกโซนขวาเต็มกำลัง,ฝ่ายตรงข้ามย้ายแท็กติกรับไปด้านที่คิดว่าปลอดภัย ทิ้งช่องว่างอีกด้านให้โต้กลับ,“เปลี่ยนเสา” ให้ศัตรูปรับตำแหน่งรับ แล้วใช้จังหวะนั้นบุกสวนกลับผ่านช่องโหว่ที่ถูกทิ้งไว้ (“ลักชื่อเปลี่ยนเสา”),ร่วมรบ,ลักชื่อเปลี่ยนเสา
หน่วยข่าวกรองขงเบ้งหลอกให้ตันฮกคิดว่าถูกเรียกตัวไปประจำกองบัญชาการใหม่ จึงเดินทางออกจากกองทัพเล่าปี่ เมื่อตันฮกหลุดจากกองทัพ ขงเบ้งจึงส่งหน่วยจู่โจมตีแทรกกลาง,ตันฮกซึ่งเป็นที่ปรึกษาและประสานการรบ ถูกล่อลวงออกมา ทำให้กองทัพเล่าปี่ขาดศูนย์กลางการสั่งการและสับสน,หลอกย้าย “เสา” สำคัญของศัตรูออกไป (“ลักชื่อเปลี่ยนเสา”) จนศัตรูอ่อนแอ เปิดโอกาสให้บุกเข้าทำลายกองกำลังที่เหลือ,ร่วมรบ,ลักชื่อเปลี่ยนเสา
กองทัพวุยก๊กส่งกำลังสำรวจแนวชายแดนอย่างแข็งแกร่ง พร้อมสาธิตการยิงคันธนูและเคลื่อนพลโชว์ศักยภาพต่อหน้ายาม,ฝ่ายตรงข้ามเล็กน้อยเกิดความหวาดหวั่นว่าหากคุมนครไว้ไม่ดี อาจถูกตีซ้ำทันที จึงยอมส่งสินค้าและจ่ายค่าปรับเพื่อแลกกับสันติภาพ,แสดงความเข้มแข็ง (“ด่าต้นหม่อน”) ให้ฝ่ายอ่อนเกรงกลัวและยอมสยบ (“ต้นไหว”) จึงไม่ต้องเสียเลือดเนื้อแต่ได้ทรัพยากรและความร่วมมือมาโดยง่าย,ร่วมรบ,ต้นหม่อนด่าต้นไหว
บริษัทใหญ่ประกาศแผนสำรองรับมือการเข้าซื้อกิจการคู่แข่งรายเล็ก พร้อมโชว์งบสำรองหลายพันล้านบาทต่อสื่อมวลชน,คู่แข่งรายเล็กรู้ว่าหากไม่ยอมขายหุ้นในราคาที่กำหนดจะอยู่ต่อได้ยาก จึงรีบตกลงขายกิจการ,ใช้ภาพ “กำลังเงินอันเข้มแข็ง” เตือนให้คู่แข่งอ่อนแอรับรู้ (“ด่าต้นหม่อน”) ทำให้คู่แข่งเกรงกลัวและยอมสยบ (“ต้นไหว”) ด้วยข้อเสนอที่ดูเป็นมิตรแต่บีบให้ต้องยอมขายกิจการ,ร่วมรบ,ต้นหม่อนด่าต้นไหว
พรรคการเมือง A จัดขบวนรถปราศรัยขนาดใหญ่ โชว์กำลังพลและแฟนคลับนับหมื่นหน้าเวทีหาเสียง,พรรคเล็กที่หวังสู้ในพื้นที่เดียวกันเห็นภาพขบวนใหญ่ จึงเลือกยอมเจรจาเข้าร่วมการเลือกตั้งเป็นพันธมิตรแทนการลงแข่งขันแยก,แสดงอำนาจทางการเมืองที่เกรียงไกร (“ด่าต้นหม่อน”) ให้พรรคเล็กเกิดความสยบและยอมเข้าพันธมิตร (“ต้นไหว”) เพื่อแลกกับตำแหน่งรองในโครงสร้างฝ่ายรัฐบาล,ร่วมรบ,ต้นหม่อนด่าต้นไหว
ทีมฟุตบอล A ส่งยอดนักเตะพร้อมผู้ฝึกสอนแถวหน้าเข้าร่วมฝึกซ้อมต่อหน้าแฟนบอลและสื่อมวลชน,ทีมคู่แข่งที่มีงบจำกัดและผู้เล่นดาวรุ่งเกิดความหวาดหวั่นว่าจะสู้ไม่ได้ จึงขอเจรจาร่วมทีมกับ A แทนการปะทะเต็มรูปแบบ,แสดงศักยภาพและบุคลากรระดับท็อป (“ด่าต้นหม่อน”) ทำให้ทีมที่อ่อนุ้มใจและยอมสยบร่วมฝึกหรือแลกเปลี่ยนนักเตะ (“ต้นไหว”) เพื่อหลีกเลี่ยงการแข่งขันที่อาจเสียหาย,ร่วมรบ,ต้นหม่อนด่าต้นไหว
หน่วยข่าวกรองออกใบปลิวประกาศว่ามีการฝึกยุทธวิธีและอาวุธหนักในฐานของตน พร้อมภาพถ่ายโดรนบินโชว์อาวุธจริง,กลุ่มกบฏในพื้นที่ใกล้เคียงเกิดความหวาดหวั่นว่าหากโจมตีจะต้องสูญเสียมาก จึงยอมสยบและเปิดทางให้รัฐบาลเจรจาสันติภาพ,ใช้ภาพลักษณ์การเตรียมพร้อมเต็มที่ (“ด่าต้นหม่อน”) ทำให้กลุ่มกบฏอ่อนแรงจิตใจและยอมยุติการสู้รบ (“ต้นไหว”) โดยไม่ต้องบุกปราบอย่างเต็มรูปแบบ,ร่วมรบ,ต้นหม่อนด่าต้นไหว
ทีมเจรจาธุรกิจฝ่ายเราแสร้งทำเป็นไม่เข้าใจรายละเอียดข้อเรียกร้องของคู่สัญญา,คู่เจรจาจะประมาทคิดว่าเราขาดข้อมูลสำคัญ จึงเปิดเผยจุดอ่อนหรือเงื่อนไขสำคัญโดยไม่ระมัดระวัง,เมื่อคู่สัญญาหลวมตัวเปิดเผยครบถ้วน เราจะได้เปรียบในการต่อรองและควบคุมสัญญา,ร่วมรบ,แสร้งทำบอแต่ไม่บ้า
สตาร์ทอัพเปิดตัวฟีเจอร์ใหม่ในเวอร์ชันทดลองแบบเงียบ ๆ และไม่โฆษณาออกสื่อ,คู่แข่งจะไม่ทันตั้งตัว คิดว่าเราไม่มีแผนใหญ่ จึงไม่ได้เร่งพัฒนาหรือจับตา,เมื่อถึงเวลาที่ฟีเจอร์พร้อมใช้งานจริง จะสร้างกระแสแรงและยึดตลาดได้ก่อน,ร่วมรบ,แสร้งทำบอแต่ไม่บ้า
ทีมไซเบอร์ซีเคียวริตี้แสร้งตั้งค่าระบบล็อกอินให้ดูง่าย แล้วไม่ประกาศการเปลี่ยนแปลง,แฮ็กเกอร์จะประเมินว่ายังเป็นช่องโหว่เก่า จึงโจมตีซ้ำจากจุดเดิมโดยไม่ระวังระบบใหม่,เมื่อตั้งกับดักและระบบตรวจจับทำงาน แฮ็กเกอร์จะติดกับ ไม่ทันระวังการป้องกันขั้นสูง,ร่วมรบ,แสร้งทำบอแต่ไม่บ้า
พรรคการเมืองหนึ่งแสร้งไม่ตอบโต้การโจมีก่อนหน้า แล้วยอมรับประวัติบางส่วน,ฝ่ายตรงข้ามจะตีความว่าเราอ่อนแอ ไม่มีแผนตอบโต้ จึงไม่รีบเตรียมกลยุทธ์สวนกลับ,เมื่อประกาศยุทธศาสตร์ใหญ่ จะสร้างความตื่นตะลึงและขยับเส้นเกมทางการเมืองได้ทันที,ร่วมรบ,แสร้งทำบอแต่ไม่บ้า
โค้ชทีมกีฬาแสร้งให้ผู้เล่นสำรองคิดว่าตนไม่มีแผนจะใช้งานตัวจริง,ทีมคู่แข่งจะโฟกัสคู่แข่งตัวสำรอง ปรับแท็คติกมาป้องกันผิดจุด,เมื่อปล่อยตัวจริงลงสนาม จะสร้างความสับสนและชนะได้ง่ายกว่า,ร่วมรบ,แสร้งทำบอแต่ไม่บ้า
ฝ่ายพัฒนาซอฟต์แวร์ปล่อย “บั๊กทดลอง” ให้คู่แข่งเห็นในระบบสาธิต,คู่แข่งจะรีบสแกนหาจุดอ่อนและส่งทีมทดสอบเข้าตรวจสอบลึก แต่กลับพบว่าระบบจริงถูกปิดกันไว้หลังบั๊กนั้น,เมื่อคู่แข่งเข้ามาแล้ว ระบบจริงจะล็อกการเข้าถึงและตัดเส้นทางสืบค้น ทำให้ข้อมูลภายในไม่รั่วไหล,ร่วมรบ,ขึ้นบ้านชักบันได
ฝ่ายจัดซื้อบริษัท X ประกาศว่าโรงงานมีวัตถุดิบขาดตลาด เพื่อให้ซัพพลายเออร์เสนอตัวแข่งขันกัน,ซัพพลายเออร์ต่างเร่งเจรจาส่งมอบและเปิดเผยต้นทุนการผลิตอย่างหมดเปลือก,บริษัท X จะเลือกเจ้าเดียวที่มีต้นทุนสูงสุด—จริง ๆ แล้วมีสต็อกลับบ้านและสามารถต่อรองของได้ราคาถูกกว่า,ร่วมรบ,ขึ้นบ้านชักบันได
ทีมรักษาความปลอดภัยในงานอีเวนต์ติดต่อแฮ็กเกอร์เพื่อ “ทดสอบช่องโหว่” จริง ๆ เป็นการดักดูช่องโหว่และบล็อก IP,แฮ็กเกอร์จะปล่อยมัลแวร์เข้ามาทดสอบระบบและระบุพิกัดเซิร์ฟเวอร์,ทันทีที่มัลแวร์พยายามเชื่อมต่อกลับ ระบบจะตัดการเชื่อมต่อและเก็บ Log เพื่อติดตามตัว,ร่วมรบ,ขึ้นบ้านชักบันได
หัวหน้าทีมขายประกาศให้ทีมรองขายเข้าเจรจาราคากับลูกค้าว่าบริษัทไม่พร้อมส่งสินค้าเดือนหน้า,ลูกค้าจะยื่นขอส่วนลดและสัญญาณการขาดแคลนสินค้า,เมื่อทีมรองชี้แจงว่าแท้จริงแล้วมีสต็อกเพิ่มเติม ทีมหลักจะเข้าต่อรองราคาใหม่และล็อกยอดขายสูงสุด,ร่วมรบ,ขึ้นบ้านชักบันได
โค้ชฟุตบอลปล่อยข่าวว่าจะแข่งด้วยระบบรับลึก เพื่อให้คู่แข่งถอยแนวรับต่ำ,ฝ่ายตรงข้ามจะยืนต่ำ รอรับลูก เปิดช่องให้เกมรุกสวนกลับเร็ว,เมื่อลูกเปิดเกม รุกสวนกลับและเจาะทะลุช่องว่างกลางสนามจนได้ประตู,ร่วมรบ,ขึ้นบ้านชักบันได
บริษัทสตาร์ทอัพเล็ก ๆ ร่วมมือกับแพลตฟอร์มอีคอมเมิร์ซยักษ์ เปิดร้านภายใต้แบรนด์คู่ค้า,การปรากฏชื่อร่วมกับแพลตฟอร์มใหญ่ช่วยสร้างความน่าเชื่อถือและภาพลักษณ์ว่าเป็นผู้เล่นสำคัญ แม้สินค้าจริงจะยังมีสต็อกน้อย,เมื่อลูกค้าเห็นตราแพลตฟอร์มยักษ์ จะเชื่อมั่นและกล้าใช้บริการ ก่อนที่จะเผยตัวตนจริงและขยายกำลังการผลิต,ร่วมรบ,ต้นไม้ผลิตอก
ทีมวิจัยมหาวิทยาลัยเล็ก ร่วมโครงการกับสถาบันชั้นนำระดับชาติ,งานวิจัยถูกตีพิมพ์พร้อมชื่อสถาบันใหญ่ ทำให้นักวิชาการและนักลงทุนมองว่าทีมมีศักยภาพสูง แม้ทรัพยากรจริงยังจำกัด,เมื่อได้รับความสนใจและทุนสนับสนุน ทีมสามารถขยายห้องปฏิบัติการและรับนักวิจัยใหม่ได้,ร่วมรบ,ต้นไม้ผลิตอก
โครงการ CSR ขององค์กรขนาดกลาง ใช้ชื่อเครือข่าย NGO ชื่อดังเป็นผู้ร่วมลงพื้นที่,ประชาชนและสื่อมวลชนให้ความสนใจฝีมือและภาพลักษณ์ว่าเป็นโครงการใหญ่ มีผลต่อภาพลักษณ์องค์กร แม้ทุน CSR จะจำกัด,เมื่อได้รับเสียงตอบรับและความเชื่อมั่น องค์กรจะสามารถขยายงบประมาณ CSR ได้มากขึ้นในอนาคต,ร่วมรบ,ต้นไม้ผลิตอก
ทีมพัฒนาเกมอินดี้ ลงขายผ่านหน้าร้านดิจิทัลของค่ายเกมยอดนิยม,ผู้เล่นใหม่เข้าใจว่าผลงานเชิงคุณภาพสูงพอ ๆ กับเกมใหญ่ แม้ทีมพัฒนาจริงมีเพียงไม่กี่คน,เมื่อยอดขายและรีวิวเพิ่มขึ้น ทีมจะขยายทุนจ้างศิลปินและโปรแกรมเมอร์เข้าร่วมพัฒนาต่อ,ร่วมรบ,ต้นไม้ผลิตอก
โค้ชบาสเกตบอลทีมเยาวชนเชิญอดีตนักบาสทีมชาติเป็นที่ปรึกษาช่วงสั้น,การปรากฏตัวของที่ปรึกษาชื่อดังทำให้ทีมดูมีความพร้อมและมีแรงจูงใจ แม้ผู้เล่นจริงยังฝึกฝนไม่หนัก,เมื่อคู่แข่งประเมินต่ำ ฝ่ายเยาวชนจะใช้โอกาสนี้สั่งสมประสบการณ์ และเมื่อที่ปรึกษาจากไปก็ยังรักษาระดับผลงานได้,ร่วมรบ,ต้นไม้ผลิตอก
ฝ่ายจัดซื้อของบริษัท A เสนอตัวเป็นที่ปรึกษาด้านโลจิสติกส์ให้คู่ค้า ก่อนเริ่มสัญญาจัดส่งจริง,คู่ค้าจะเปิดเผยโครงสร้างคลังสินค้า ระบบจัดส่ง และเงื่อนไขภายใน เพื่อให้เรา “ช่วยปรับปรุง”,เมื่อได้ข้อมูลครบถ้วน เราจะควบคุมเงื่อนไขสัญญาและล็อกต้นทุนคู่ค้าได้ตามต้องการ,ร่วมรบ,สลับแขกเป็นเจ้าบ้าน
ทีมพัฒนาซอฟต์แวร์เข้าร่วมบอร์ดทดสอบผลิตภัณฑ์ของคู่แข่ง เพื่อเสนอแนวทางปรับปรุงฟังก์ชัน,คู่แข่งจะเชิญเราเข้าถึงระบบเบื้องหลังและ API เพื่อประเมินประสิทธิภาพ,เมื่อเข้าถึงระบบแล้ว เราสามารถวาง “เจาะช่องโหว่” ในอัปเดตถัดไปเพื่อโค่นคู่แข่งได้,ร่วมรบ,สลับแขกเป็นเจ้าบ้าน
โครงการวิจัยร่วมระหว่างมหาวิทยาลัยของเรากับมหาวิทยาลัย X เราขอเป็น “เจ้าภาพ” จัดเวิร์กชอปก่อนลงมือทำวิจัย,มหาวิทยาลัย X จะให้เราเข้าถึงข้อมูลเบื้องต้น แพลตฟอร์มทดลอง และฐานข้อมูล,เมื่อได้ข้อมูลแล้ว เราสามารถเร่งตีพิมพ์งานวิจัยควบคู่ และสร้างเครือข่ายล่วงหน้า,ร่วมรบ,สลับแขกเป็นเจ้าบ้าน
ฝ่ายการตลาดเสนอจัดสัมมนาออนไลน์ให้กับลูกค้าคู่แข่งรายใหญ่ เพื่อแบ่งปัน “เทคนิคเฉพาะ”,คู่แข่งจะอนุญาตให้เราใช้เครื่องมือ วิเคราะห์ฐานลูกค้า และพฤติกรรมผู้ชม,เมื่อนำข้อมูลพฤติกรรมลูกค้ามา เราจะตั้งแคมเปญเจาะกลุ่มเป้าหมายด้วยประสิทธิภาพสูงกว่า,ร่วมรบ,สลับแขกเป็นเจ้าบ้าน
ทีมรักษาความปลอดภัยทางไซเบอร์ขององค์กรเสนอให้แฮ็กเกอร์ขาว (white hat) ทดสอบระบบภายในเป็นบริการฟรี,แฮ็กเกอร์ขาวจะได้รับสิทธิ์เข้าถึงเซิร์ฟเวอร์ ระบบล็อก และข้อมูลช่องโหว่,หลังทดสอบ เราสามารถปิดช่องโหว่และปรับโครงสร้างให้แข็งแกร่ง พร้อมติดตามทุกจุดอ่อนที่เคยมี,ร่วมรบ,สลับแขกเป็นเจ้าบ้าน
ผู้บริหารสูงสุดของบริษัทคู่แข่งฉวยโอกาสเข้าใกล้ที่ปรึกษาด้านการเงินอายุน้อย และส่งเสริมให้เธอทำงานใกล้ชิดกับคณะกรรมการมากขึ้น,การสร้างความใกล้ชิดทำให้ที่ปรึกษามีอิทธิพลต่อการตัดสินใจทางการเงิน และลดความระวังของคณะกรรมการเดิม,เมื่อที่ปรึกษาถูกชักนำฝักใฝ่ฝ่ายตรงข้าม จะช่วยรื้อโครงสร้างการเงินและเบี่ยงเบนทรัพยากรไปสู่โครงการที่เสียเปรียบ,ยามพ่าย,สาวงาม
นายกเทศมนตรีประจำจังหวัดรับรองสาวงามคนใหม่ให้เป็นทูตวัฒนธรรม เพื่อให้เข้าถึงกลุ่มหัวคะแนนในชุมชน,การใช้ความประทับใจและความสนใจของประชาชน ทำให้กลุ่มหัวคะแนนเลิกตั้งคำถามต่อการใช้งบประมาณโครงการสำคัญ,เมื่อได้รับความไว้วางใจจากชุมชน โครงการเชิงยุทธศาสตร์ของฝ่ายตรงข้ามจึงถูกผลักดันโดยไม่ถูกตรวจสอบ,ยามพ่าย,สาวงาม
ทีมประชาสัมพันธ์ของพรรคการเมืองเชิญดาราสาวชื่อดังร่วมรณรงค์หาเสียงในพื้นที่สำคัญ,แฟนคลับและสื่อมวลชนให้ความสนใจจนบังภาพปัญหาย่อย ๆ ของพรรค ฝ่ายตรงข้ามจึงล่าช้าในการตอบโต้ปมวิกฤต,เมื่อกระแสความนิยมเข้าสู่จังหวะสูงสุด พรรคสามารถเคลื่อนหมากสำคัญ เช่น ประกาศนโยบายใหญ่ ได้ในจังหวะที่คู่แข่งยังไม่ทันตั้งตัว,ยามพ่าย,สาวงาม
ฝ่ายจัดการแข่งขันกีฬาอีสปอร์ตจัดเชิญ “ไอดอลเกม” เป็นพิธีกรกลางสนามแข่ง เพื่อเบี่ยงเบนความสนใจจากข้อบกพร่องระบบเสียงและภาพ,ผู้ชมและผู้แข่งขันโฟกัสที่พิธีกรมากกว่าการฟังประกาศทางเทคนิค ฝ่ายสตาฟจึงไม่ถูกจับผิดระบบที่ผิดพลาด,เมื่อผ่านช่วงวิกฤต สามารถแก้ไขระบบได้เรียบร้อยก่อนการแข่งขันรอบถัดไป โดยไม่มีผลกระทบต่อภาพลักษณ์งาน,ยามพ่าย,สาวงาม
แผนกทรัพยากรบุคคลขององค์กรเชิญที่ปรึกษาผู้เชี่ยวชาญด้านความผาสุกในที่ทำงาน (เป็นผู้หญิงมีชื่อเสียง) ให้มาดูแลกิจกรรมพนักงาน,พนักงานให้ความเชื่อใจและเปิดเผยปัญหาในทีมที่แท้จริง ฝ่ายบริหารจึงได้ข้อมูลเชิงลึกที่ฝ่ายตรงข้ามไม่รู้,เมื่อได้ข้อมูลครบถ้วน สามารถปรับโครงสร้างทีมและระบบแรงจูงใจ เพื่อลดการหนีงานและเพิ่มประสิทธิภาพอย่างมีนัยสำคัญ,ยามพ่าย,สาวงาม
ฝ่ายสนับสนุนลูกค้ารายใหญ่ถอยออกจากการเจรจาด้านราคา เปิดให้คู่ค้าทดลองลดราคาอย่างเต็มที่,คู่ค้าจะเห็นช่องว่างว่าเรา “ไม่สนใจ” ความคืบหน้า จึงลังเลว่าจะรีบปิดสัญญาดีหรือไม่,การปล่อยให้ดูเหมือนไม่มีแนวป้องกัน จะทำให้คู่ค้าระแวงว่ามีเงื่อนไขลับ จึงเกิดความลังเล ไม่ยอมเร่งเซ็นสัญญา,ยามพ่าย,ปิดเมือง
ทีมรักษาความปลอดภัยทางไซเบอร์ประกาศ “ระบบผิดปกติ” แต่ไม่ปิดระบบ ให้แฮ็กเกอร์เห็นว่าไม่มีการบล็อกใด ๆ,แฮ็กเกอร์จะรับรู้ว่าระบบยังใช้งานได้ตามปกติ จึงไม่กล้าบุกโจมตีหนักจากกลัวว่าจะเป็นกับดัก,การเปิดช่องให้ดูเหมือนไม่มีการป้องกันเลย จะทำให้ศัตรูเชื่อว่าการโจมตีจะง่าย แต่แท้จริงระบบได้ถูกเสริมการป้องกันขั้นสูงไว้ลับ ๆ,ยามพ่าย,ปิดเมือง
ฝ่ายประชาสัมพันธ์ขององค์กรประกาศยกเลิกงานอีเวนต์สำคัญ ปล่อยให้สื่อคิดว่าไม่มีการจัดเตรียมใด ๆ,นักข่าวและคู่แข่งงานอีเวนต์จะหยุดสำรวจพื้นที่และเตรียมบทความล่วงหน้า,เมื่อถึงวันจริง องค์กรกลับเปิดงานตามกำหนด สร้างความตื่นตะลึงและได้เปรียบเรื่องสื่อและผู้เข้าร่วม,ยามพ่าย,ปิดเมือง
หัวหน้าทีมขายประกาศให้ลูกค้าทราบว่า “สินค้าพร้อมส่งช้า” โดยไม่เปิดข้อมูลเพิ่มเติม,ลูกค้าจะชะลอการสั่งซื้อและสงสัยคุณภาพหรือความซัพพอร์ต,การแสดงว่าขาดแคลนแนวรับ จะทำให้ลูกค้าเกิดความลังเล ไม่กล้าเปลี่ยนไปเจรจากับคู่แข่งทันที,ยามพ่าย,ปิดเมือง
ผู้บริหารระดับสูงประกาศยุบโครงการสำคัญ ปิดข่าวสารทุกช่องทางชั่วคราว,ฝ่ายวิจัย & พัฒนาและคู่แข่งจะหยุดติดตามโครงการนั้น,เมื่อตระเตรียมโครงการใหม่เสร็จในเงียบ ๆ จึงเปิดตัวพร้อมฟีเจอร์ใหม่ ทำให้คู่แข่งไม่ทันตั้งตัว,ยามพ่าย,ปิดเมือง
บริษัท A ส่ง “ที่ปรึกษาด้านการผลิต” เข้าไปในโรงงานคู่แข่ง พร้อมจ่ายค่าตอบแทนพิเศษลับ ๆ,ที่ปรึกษาจะได้รับความไว้วางใจจากฝ่ายจัดการ แต่อย่างลับ ๆ จะส่งรายงานจุดอ่อนการควบคุมคุณภาพกลับมา,เมื่อได้ข้อมูลจุดอ่อนแล้ว ฝ่ายเราใช้จังหวะผลิตสินค้าใหม่ที่มีคุณภาพสูงกว่า พลิกสถานการณ์ทางการตลาด,ยามพ่าย,ไส้ศึก
ทีมความมั่นคงไซเบอร์ขององค์กรปลอมตัวเป็นทีมตรวจสอบภายในของคู่แข่ง,คู่แข่งเปิดเผยระบบล็อกและโปรโตคอลรักษาความปลอดภัยให้ “ผู้ตรวจสอบ” ดูแล,เราจึงได้โอกาสฝังโค้ดดักจับข้อมูลสำคัญ และเมื่อถึงเวลาโจมตีจะทำลายระบบได้ง่าย,ยามพ่าย,ไส้ศึก
พรรคการเมือง X ปล่อยข่าวปลอมว่ามีส.ส.ฝ่ายตรงข้ามเตรียมเปลี่ยนพรรค,สมาชิกในพรรคฝ่ายตรงข้ามเกิดความระแวงต่อกันเอง และตั้งข้อสงสัยในความจงรักภักดี,เมื่อพรรคแตกแยก ฝ่ายเราใช้โอกาสเร่งประกาศนโยบายใหญ่ ตีตื้นคะแนนจนพลิกสถานการณ์,ยามพ่าย,ไส้ศึก
ทีมวิจัยมหาวิทยาลัยเชิญนักศึกษาปริญญาเอกจากแล็บคู่แข่งมาทำ Postdoc ร่วมโครงการ,นักศึกษาถือข้อมูลการทดลองสำคัญของคู่แข่งมา ในขณะเดียวกันสร้างความไม่ไว้ใจในกลุ่มวิจัยเดิม,เมื่อได้ข้อมูลเบื้องลึก เราสามารถตีพิมพ์ผลการทดลองก่อนและดึงนักวิจัยเดิมมาร่วมงาน,ยามพ่าย,ไส้ศึก
หน่วยข่าวกรองรัฐปลอมตัวเจ้าหน้าที่ท้องถิ่นเข้าเป็นผู้ประสานงานโครงการช่วยเหลือประชาชนในเขตคู่ขัดแย้ง,ผู้บังคับบัญชาท้องถิ่นเชื่อใจ จึงให้ข้อมูลกำลังพลและยุทธศาสตร์ทางทหารภายใน,เมื่อได้ข้อมูลครบถ้วน จึงใช้ยุทธวิธีบุกแบบสายฟ้าแลบ ทำลายแผนฝ่ายตรงข้ามตั้งแต่ต้น,ยามพ่าย,ไส้ศึก
คู่แข่งเปิดตัวผลิตภัณฑ์ใหม่ แต่พบข้อบกพร่องร้ายแรงจนต้องเรียกคืนสินค้า,คู่แข่งกำลังเสียชื่อเสียง ลูกค้าเริ่มถอยห่างและรอข่าวแก้ไข,ต้องรีบบุกตลาดช่วงนี้ เปิดโปรโมชันแรง ดึงลูกค้าคืนก่อนคู่แข่งฟื้นผลิตภัณฑ์,ยามพ่าย,ตีเรืออับปาง
ระบบบริการออนไลน์ของคู่แข่งล่มต่อเนื่องหลายชั่วโมง,ความเชื่อมั่นของผู้ใช้ต่ำสุด แพลตฟอร์มเขาใช้งานไม่ได้,ส่งแคมเปญชวนย้ายมาใช้บริการเรา พร้อมสิทธิพิเศษ ระดมลูกค้าให้ทันที,ยามพ่าย,ตีเรืออับปาง
ฝ่ายคู่แข่งในที่ประชุมโครงการใหญ่ประสบปัญหาเสนอแผนแก้ไม่ผ่าน ทำให้โครงการถูกชะงัก,คู่แข่งอับจนหนทาง ขาดความชัดเจน เสียโอกาสในการนำเสนอรอบใหม่,เสนอโครงการคู่แข่งเสร็จภายในกำหนด พร้อมรายละเอียดครบถ้วน บดขยี้โอกาสฝ่ายตรงข้าม,ยามพ่าย,ตีเรืออับปาง
ทีมกีฬาของคู่แข่งเสียผู้เล่นตัวหลักจากอาการบาดเจ็บก่อนลงแข่งรอบตัดเชือก,ทีมคู่แข่งอ่อนแรง แผนเกมเสียสมดุล ไม่มีตัวแทนตำแหน่งสำคัญ,ส่งแท็คติกกดดันเร็ว เปิดเกมรุกเต็มที่ รับประกันเอาชนะ ไม่มีโอกาสให้ฟื้นตัว,ยามพ่าย,ตีเรืออับปาง
กลุ่มพนักงานในองค์กรคู่แข่งประท้วงหยุดงานชั่วคราว,การประท้วงกระทบกระบวนการผลิต หยุดชะงัก เสียรายได้ทันที,เพิ่มกำลังการผลิตและส่งสินค้าทดแทน เข้ายึดส่วนแบ่งตลาดให้เต็มที่ไม่ปล่อยช่องว่าง,ยามพ่าย,ตีเรืออับปาง
ฝ่าย IT ประกาศปรับปรุงระบบเซิร์ฟเวอร์ชั่วคราว แล้วยกเลิกการเข้าถึงทั้งหมด,คู่แข่งจะเห็นว่าเซิร์ฟเวอร์ “ปิดว่างเปล่า” ไม่มีการป้องกัน จึงอาจลองโจมตีเข้ามา,เมื่อคู่แข่งพุ่งเป้ามา เราจะใช้ Honeypot และระบบตรวจจับดักจับ IP แล้วปิดช่องโหว่จริงทันที,ยามพ่าย,เรือนว่าง
ห้างสรรพสินค้าเลิกจัดโปรโมชั่นชั่วคราว แจ้งว่าหมดโปรโมชั่นแล้ว,ร้านค้าคู่แข่งจะรีบจัดโปรแข่งทันทีเพราะคิดว่าเราไม่มีแผนต่อ,เมื่อคู่แข่งเปิดโปร เราจะออกรหัสลับสำหรับลูกค้าปัจจุบันก่อน เติมความคุ้มค่า และชิงยอดขายกลับคืน,ยามพ่าย,เรือนว่าง
ธนาคารแจ้งเลิกให้บริการสาขาย่อยในชุมชนหนึ่งชั่วคราว,คู่แข่งจะรีบนำสาขาเคลื่อนที่มาตั้งในพื้นที่ เพราะคิดว่าเราถอนกำลังออก,ในขณะที่คู่แข่งกระจายกำลัง เราจะเปิดสาขาปรับปรุงใหม่แบบลับ ๆ แล้วเปิดใช้งานทันทีในอีกสัปดาห์,ยามพ่าย,เรือนว่าง
ทีมพัฒนาแอปฯ ถอนฟีเจอร์หลักออก แล้วบอกว่ากำลังทดสอบภายใน,คู่แข่งจะยกทีมมาส่องโค้ดและ API เพราะคิดว่าเราไม่มีระบบหลักรันอยู่,เมื่อคู่แข่งเข้ามาสำรวจ เราจะเปิดระบบสำรองและล็อกการเข้าถึงโค้ดจริง เก็บข้อมูลพฤติกรรมเก็บหลักฐานโจมตี,ยามพ่าย,เรือนว่าง
หน่วยงานรัฐประกาศปิดรับสมัครโครงการใหม่ ชั่วคราว,องค์กรภาคประชาชนจะเข้ามาสอบถามและยื่นข้อเสนอเชิงนโยบาย เพราะคิดว่าไม่มีโครงการกำลังเดินหน้า,ขณะที่คู่แข่งมุ่งเจรจา เราจะปิดกระบวนการภายในก่อน และเปิดรับสมัครอีกครั้งด้วยเงื่อนไขใหม่ที่เหนือกว่า,ยามพ่าย,เรือนว่าง
แผนกการตลาดประกาศขาดทุนชั่วคราว เพื่อให้คู่แข่งเห็นว่าเราอ่อนแอทางการเงิน,คู่แข่งจะชะลอแผนขยายตลาดและรีบชิงส่วนแบ่ง เพราะคิดว่าเรากำลังลำบาก,เมื่อคู่แข่งถล่มตลาดเต็มที่ ทีมการตลาดจะเปิดโปรโมชันใหญ่และปรับกลยุทธ์คืนทุนได้เร็วกว่า,ยามพ่าย,บาดเจ็บยอมได้
ทีมพัฒนาเกมประกาศว่าฟีเจอร์หลักมีบั๊กร้ายแรง เล่นไม่ได้ชั่วคราว,คู่แข่งจะรีบเร่งปล่อยอัปเดตหรือโปรโมชั่นเพื่อดึงผู้เล่น,เมื่อตลาดโฟกัสที่คู่แข่ง ทีมเราจะปล่อยแพตช์ใหม่พร้อมฟีเจอร์เสริม และแย่งผู้เล่นกลับมา,ยามพ่าย,บาดเจ็บยอมได้
หน่วยงานบริการลูกค้าแจ้งว่าชั่วโมงทำการถูกลดลงเหลือครึ่งวัน,คู่แข่งจะเปิดบริการเต็มเวลาและโปรโมตความพร้อม,วันถัดมา ฝ่ายบริการลูกค้าของเรากลับมาให้บริการเต็มวัน พร้อมระบบตอบโจทย์ดียิ่งกว่า,ยามพ่าย,บาดเจ็บยอมได้
ฝ่าย HR ประกาศเลื่อนรับสมัครตำแหน่งสำคัญ เพราะขาดผู้เชี่ยวชาญ,องค์กรคู่แข่งจะเร่งประกาศรับสมัครและดึงคนเก่งไปก่อน,หลังปล่อยข่าวเพียงวันเดียว HR ของเราปรับโครงสร้างภายในสำเร็จ พร้อมเปิดรับสมัครคุณภาพสูงกว่า,ยามพ่าย,บาดเจ็บยอมได้
ทีมกีฬาโรงเรียนประกาศข่าวว่าตัวหลักได้รับบาดเจ็บหนัก พักยาว,ทีมคู่แข่งประเมินว่าโอกาสชนะสูงจึงวางแท็กติกรุกเต็มที่,ในวันแข่งจริง ตัวหลักฟื้นตัวทัน รุกสวนกลับจนพลิกชนะอย่างเหนือความคาดหมาย,ยามพ่าย,บาดเจ็บยอมได้